price,rsi,upper_bb,lower_bb,gain_loss
109.6,64.62662345,111.6841578,95.30653225,1
603.4,52.12578211,684.8625995,560.6424005,1
0.3188,66.0469964,0.344986817,0.248425183,0
46718.8,33.38657255,60909.02715,44677.46785,0
99.87503741,35.23757051,137.6111853,93.24961974,1
206.9,65.93057511,231.1818057,118.7292163,0
231.78,48.34773364,239.2061984,216.3098016,0
236.11,51.69488717,240.0463414,215.9776586,1
697.69475,72.72278759,709.7647097,602.3436653,0
8718.686998,68.85621015,8952.53765,6627.842122,0
21301.08406,37.79201516,25313.01997,20910.97524,0
635.2775,68.2346009,633.2683849,592.2784651,0
3799.37,54.00081295,4065.250414,3413.097086,1
16819.09,46.55059925,17715.20193,16363.01107,0
9682.532481,62.50427542,10172.51816,8040.672885,1
6392.9525,46.83645025,6675.552346,6136.216404,0
2.546780931,39.34706339,3.63568754,2.359397764,1
47.01619085,74.61297306,51.3811329,24.45192903,1
12365.78,69.38657234,12839.59252,6631.855976,1
21813.78712,49.00263258,22050.12275,18890.95067,1
40526.48938,33.99665415,52831.37567,41475.67434,0
7021.1225,39.65986251,9329.627952,5921.749548,1
19289.97,43.51666339,22101.96639,17845.06661,0
19156.91156,44.34002655,20189.05104,18603.36393,1
581.7970701,43.13355508,612.0535584,548.4371733,1
39482.25847,47.73150865,44175.15766,35305.83271,0
14231.22506,47.77996716,17004.35212,12470.95497,1
404.01,34.36926333,512.0311344,379.6278656,0
8291.250651,39.89082548,8643.546559,7902.045816,0
1144.664771,56.56774312,1213.367715,902.6736183,1
31735.95497,50.8967148,31281.94665,28032.66682,1
733.54,56.23208145,760.3150439,693.3122311,0
19069.87493,43.72829579,20155.8412,18695.63516,0
604.55725,51.77324007,620.7777133,593.0176617,0
5.13182,55.1278118,5.326335381,4.675797619,1
452.1647028,77.54007177,444.5490247,409.4882015,1
681.089602,55.73680402,695.7150157,633.1066719,1
4.987137227,48.52644049,5.314675297,4.796972044,1
438.7,67.80583433,432.7372027,349.8487973,1
0.0609,37.97343335,0.075173966,0.048267167,1
9800.2794,71.12958752,10000.47445,8111.397244,1
10357.36,45.29837188,12462.65653,9159.889221,1
5.041306236,50.6048818,5.300405987,4.867867691,1
234.9393565,46.54668428,265.8760709,210.2439748,1
23868.81935,55.72101345,24666.69381,22523.87672,0
136.90001,55.46365321,206.0622421,52.9880819,0
51.36543639,79.90076312,54.4742832,30.1602289,1
7510.8825,59.25309622,7579.975738,6561.346512,1
22350.09623,42.49703354,25383.80066,21684.38374,0
38259.84,40.53570954,46276.98391,36798.38609,1
19634.52,49.4404363,20230.68615,18500.65785,1
614.3095137,45.18280276,698.3906898,553.7515724,0
6023.475,77.1036472,6423.088852,3792.492148,1
6342.2975,45.32765386,6526.541461,6207.004039,1
389.96,48.80837395,413.2419747,358.2560253,1
461.56,61.17547378,468.2265446,438.9314554,1
434.55,37.76452674,465.7169372,439.5010628,0
607.0505,54.03395712,638.565576,558.756624,0
609.675,56.34942627,613.9099991,596.8148759,1
37336.5825,45.3865066,40184.13547,33136.91928,1
16172.88934,36.12583404,21607.5321,13828.34253,1
4737.9375,76.35564109,4696.602613,3831.158362,1
9675.249058,51.55225023,10525.35276,9188.905136,0
6756.5975,41.32841415,8113.34069,5996.89431,1
384,48.62065774,415.6536096,319.2933904,1
224.7310719,37.09046476,244.5868151,221.4630042,1
2495.780922,48.2078309,2731.759682,2388.783336,0
48150.2275,53.68244551,52322.20955,43596.39895,1
422.9174468,57.00629176,424.0005362,406.7154776,0
13.45001,62.74977573,13.71410867,13.19519633,1
7.5421,70.82073955,7.676113537,6.012718463,0
689.939207,57.03932966,739.4226068,598.8706054,0
7798.905736,82.16308844,7341.655836,4293.237226,1
3.249268847,63.57981292,3.363489158,2.212539338,1
583.0975853,82.07782916,626.5183108,399.4819323,1
10606.61733,46.48262805,11148.8379,10261.24808,0
437.2203,29.90227833,686.6143272,420.7308228,0
635.45,49.67779116,708.4530717,522.6609993,1
449.2222893,47.8228766,460.0288953,428.9614247,1
1736.882846,67.1108278,1918.000927,1217.770555,0
10.5510397,83.20637818,10.05072332,7.559589303,1
44680.955,58.46526099,49337.22187,37395.23513,0
314.8794623,86.47443803,310.4595138,232.0950794,1
20.44309196,88.68464551,21.07148254,12.97527942,0
6484.53,43.90304462,7741.979652,5655.892348,1
4.79252,46.82630874,5.040246661,4.567371339,1
3.094227553,77.56056432,3.151495967,0.092227944,0
4.391538373,33.57760225,6.606330402,4.25420635,1
304.442097,83.95062533,302.8886302,232.6229055,1
13.31202,61.0643047,14.14192742,12.21410858,0
1276.273683,75.75918036,1330.98488,969.4633331,1
11429.41,63.06438286,11556.96801,10250.05124,1
49567.34569,56.63203625,59173.9941,37624.36015,1
0.0655,44.6175446,0.072721976,0.056253652,0
5.0336404,51.70863793,5.143916698,4.88789251,1
15145.865,53.24869272,19566.292,11615.291,1
6195.4,34.92272378,8684.998216,5580.587284,0
650.2725947,49.6525669,703.1149812,609.2870017,1
0.00516823,96.29911639,0.005319466,0.003446177,1
260.6513308,60.75494668,262.8424929,217.2780376,1
4.04615,32.79300691,5.636626115,3.716724885,0
10810.42167,55.7905331,11147.48357,9084.305348,1
28251.27638,47.60667546,31130.76965,27002.86974,0
5.2,34.31700253,9.524879035,3.623581965,1
835.9,52.76951143,919.0610301,734.8589499,1
10306.8075,51.41382104,11706.80138,8016.870622,0
629.8757504,55.0671216,668.298217,569.8742992,0
1229.784933,64.01715591,1279.559415,918.9946164,1
916.094,53.85047932,967.373443,792.249557,1
4026.295,61.25896158,4058.74393,3811.354632,1
11142.7425,41.01583462,14717.99456,9550.898941,0
12848.49062,80.54037416,12379.70713,10130.65433,1
809.7835284,50.90396193,917.5533362,722.104892,1
9064.355,43.64453151,9663.808004,8925.544746,0
27522,44.0608265,31284.94282,26607.18118,0
9730.728579,77.06016775,9687.487949,5696.322254,1
11434.96878,63.60924738,11483.31331,10250.66353,0
7403.8775,39.28655891,9061.020457,6650.441543,0
533.7076444,29.67109907,750.6096146,522.4010861,0
229.0432858,41.00277338,244.1996182,223.2578636,0
2523.05775,70.52552896,2653.775965,1729.625635,0
4.872748756,47.15018982,5.802461684,3.805458269,1
587.493005,35.02653196,645.8151863,588.7650193,0
7696.395,32.49834091,13401.93375,7239.498995,1
8691.595,46.96170869,10009.13449,8414.779507,1
238.7224632,49.10265995,245.1394737,216.4073656,0
225.8,40.26308712,289.3130194,198.0903616,0
0.3,65.78630069,0.2902258,0.205466031,1
505.1074997,19.20890617,620.4742499,537.1437339,0
1111.818264,47.98520198,1376.088076,983.3107162,1
37021.93713,31.23010404,46376.20377,34298.16299,1
13.49011,43.9674458,14.60186924,13.14544976,0
92,48.67538743,106.9384009,67.31296909,1
7202.7875,38.2742106,7732.246101,6967.770399,0
20.60001,77.6951878,21.91688039,14.50122861,1
390.6,67.41374805,395.7704064,303.7375936,1
1189.44,57.40538266,1267.85481,1042.28034,1
36069.93947,59.2629888,42839.2962,26681.79796,0
4085.810394,66.17703879,4755.619248,2466.927215,0
19057.33,43.34547149,20324.11336,18461.20364,0
3587.902466,52.99672901,3678.413776,3305.689009,0
10796.145,51.73857459,11129.45265,10321.4706,1
4350.17475,69.45998514,4699.950982,3289.600493,0
5315.175329,60.93570664,5488.146865,4978.588091,1
674.5113994,55.2454864,692.0888716,515.9212667,0
800.0782319,49.45508377,845.3718318,764.948548,0
356.1812653,45.22137388,424.4034391,303.9142829,0
3851.568922,54.53370918,4022.996641,3677.101316,0
19174.87635,46.17448318,20151.0214,18645.4405,1
0.07474,70.42008835,0.085911242,-0.032762242,0
19673.54122,29.84432067,25627.08,19183.95416,0
11.7574858,44.06366892,12.99205696,11.33201664,0
32223.72,86.98827032,31653.26023,18171.01602,1
1020.220254,39.46961996,1375.056103,1011.071187,1
40966.41693,52.99837053,44233.72088,36026.75822,0
0.779,42.00733562,0.894176377,0.728263623,0
423.3,38.38367148,582.5917198,359.1855302,1
24218.48,60.9128005,25030.69739,20272.18661,1
30076.35,24.46895265,43276.72898,32803.53002,0
449.7198697,31.06086308,670.8288988,400.4305158,1
6585.14958,50.83684725,6790.410594,6283.623333,1
0.00129946,66.50652341,0.001313922,0.001224387,1
10902.52936,54.73897635,11056.00043,10324.46896,1
5193.965,87.10227051,5262.918071,3365.799429,1
0.792509942,43.14497513,0.946074371,0.733989301,0
6.67,77.20721663,6.742780443,4.841975557,1
359.74,28.50655895,482.2355632,341.3534368,0
35592.295,42.41618645,40809.61822,33065.26478,1
5.20352,60.04988166,5.299625904,4.661612096,0
35064.16,20.27136434,47310.57826,36974.11074,0
117.6910369,50.30608645,154.4532553,93.48214012,1
9431.207124,62.92702653,9574.336411,7181.263601,1
6643.110009,48.56465175,7183.38873,4934.961877,1
6598.459096,49.80885428,6919.544007,5866.055724,1
6908.4475,22.55558398,9795.499977,7039.565773,0
418.75,52.8712867,439.5191848,396.3348152,1
10934.85999,81.67940905,11140.18373,6054.368228,1
0.281,61.41812131,0.282848537,0.202842463,1
0.00128619,59.55187406,0.001343092,0.001211618,0
1.098122098,75.61688997,1.064417049,0.58533284,1
268.75,35.98680486,341.5140749,255.1949251,1
742.415,81.46729116,736.8643673,595.4975327,1
3869.2565,76.14801398,3803.930974,2225.607226,1
49409.58,31.83957037,62672.54779,50421.44746,1
5825.744893,72.13256161,5852.662158,4942.311607,1
8898.5,69.72198014,9110.244586,6634.807664,1
2479.423894,69.37207312,2579.60918,1650.727542,1
30414.61,35.41480225,42288.16754,25935.81646,1
49919.57756,62.57006296,51312.45023,44959.18732,1
7624,44.33278961,8296.130611,6953.002139,0
143.7471338,69.74390188,144.4645781,109.8146637,1
262.092948,45.47817351,304.0323375,253.6833984,1
730.0824838,54.52496332,759.7384157,698.2466242,1
6583.9,45.22557842,8240.697678,5507.316572,1
838.4284747,53.98437705,914.5363185,735.3905575,1
11.57750716,58.79878547,13.427418,8.990983358,0
19435.19469,46.52087379,21546.77682,17816.37602,0
2167.264478,60.0997948,2472.571596,1571.889658,0
245.54,53.62458311,253.7097598,210.5922402,1
37642.52,23.08816568,65101.76104,40021.07582,0
6638.72,52.3172852,6980.593094,6015.506656,0
572.87,86.69959773,584.5520699,387.2179301,1
2027.914,79.23088117,2073.42819,1397.50831,0
5890.4075,65.51310601,6496.613803,4463.658947,1
6941.09,40.04571058,8736.582602,5918.748898,1
400.8805921,54.40943123,422.7864247,315.824513,1
9279.7375,61.22156569,9857.287013,6376.007237,1
19948.85675,35.84394443,24492.79112,18349.15242,0
8.621424438,39.32790437,12.56493115,7.442221991,1
2419.93925,49.44555826,3066.09263,2027.236595,0
16102.01002,73.19242658,16873.21746,12434.26298,0
625.8,49.4502213,803.9115152,506.9024848,1
323.0322978,39.60795977,383.7348671,303.1945691,0
602.3787849,49.65279542,626.9720285,593.5266923,1
0.00071822,59.30186229,0.000759307,0.000589699,0
638.5863456,50.54972564,787.7954494,562.0560896,0
238.2298139,54.03359257,240.0284882,226.4536744,1
16552.415,74.81624453,18902.76852,6814.601227,1
772.3023827,68.92019512,768.6802656,703.8415936,1
464.1777545,34.66653546,504.2400631,456.4758909,0
9724.799978,40.56969002,11706.54968,9391.459405,0
10.86326044,44.72699015,11.69507361,10.05476211,1
217.0111511,41.0862079,268.1430007,195.0025719,0
6790.897328,47.53117729,7471.711411,6134.032024,0
2.04999,32.6522073,3.625731753,2.120447247,0
9132.592312,45.35762439,9405.101143,8989.064497,0
8.4096,63.0297556,9.450213043,5.835553957,0
839.99,56.30778189,854.1430557,565.2499543,1
18.8,89.77682286,14.77168835,2.736362653,1
0.00126322,75.96460132,0.001328533,0.001078119,0
9285.221015,50.25080467,9590.835398,8896.135437,1
11.02,54.44614899,11.44508687,9.717066135,0
803.0101,49.91474421,872.7706494,755.2606806,1
1027.955,41.94863823,1357.482226,951.6331237,0
0.00061788,10.86454188,0.000952221,0.000586665,0
52408.405,60.62784072,57291.68571,43580.08504,1
4362.865,57.67507831,4598.141405,3496.180345,1
10309.045,49.71356679,10904.29276,9469.145238,0
9131.8425,45.42604901,9409.942455,8987.936045,0
240.9612138,57.69122635,242.7766489,226.6958127,1
4764.3575,67.12770821,4807.811861,3494.906139,1
20441.06,22.68544325,35708.78717,20017.97883,1
46.85,95.09818823,45.62911477,22.89677623,1
85.01367914,46.34949825,109.7419277,63.16918704,1
420.3,53.78563638,425.4616282,407.1083718,1
23402.53,61.4578567,22854.78653,18444.21047,1
12.86238578,71.42520257,12.94185441,11.70664511,0
204.600351,89.56383732,193.5590686,93.79124796,1
408.3,59.07910378,401.8231195,358.9978805,1
0.765,37.39869866,0.967883967,0.789955018,0
7372.194764,57.64715641,7438.626789,5769.344932,1
14866.3563,70.10387443,15538.47294,11572.80468,0
919.1157441,54.57580256,1047.340686,742.8375352,0
574.02,86.83743709,596.7631754,387.1078246,1
9213.99,48.77064613,9398.04365,9023.65985,1
376.0763355,52.56920632,416.1862804,339.3480787,0
446.9615587,46.83461959,461.3914005,427.5960825,1
275.4149565,72.13277708,277.3370143,230.0681861,1
285.9110263,61.76582047,309.809299,225.8189534,0
350.46,44.16781125,425.1682058,306.0097942,0
47670.6225,56.70323687,50134.11372,39485.31128,0
11.90830953,47.28721386,13.03631253,11.48515631,1
28114.95319,46.70744548,31170.24282,26902.60553,0
52640.58837,69.65970546,52240.5083,45400.07081,1
240.6336157,50.99926853,242.3515929,217.1797182,0
814,51.55329441,850.5372206,766.2621094,1
3687.19994,45.87193649,4239.052263,3095.466144,0
3823.3175,49.77636885,4250.13441,3119.73009,1
16538.67,42.10373268,17684.71012,16240.39388,0
8219.08,24.10801844,11434.19716,7987.11059,1
0.00071822,59.30186229,0.000735209,0.000575217,0
8121.925668,62.30774795,8390.37321,6716.272691,0
17804.69002,80.95515346,17949.92317,12827.05146,1
4001.705,54.36156993,4109.375906,3617.981094,1
271.9309389,80.34866878,264.1801542,228.0378839,1
387.5,54.78178097,424.1385472,295.6434528,0
6320.656054,44.07580153,6489.71016,6251.69792,0
10594.06,49.17131835,12725.91851,9469.195742,0
13.428968,60.46335826,14.00094245,12.77550332,0
5.135,55.70910746,5.219447069,4.944435931,0
10403.6725,51.10927657,10944.42835,9433.643895,0
2639.261314,54.86080879,2979.936437,2334.17452,0
29224.246,35.08158409,40424.31475,25061.86128,0
61173.205,72.57825838,59881.26974,42373.88501,1
46291.175,72.55701697,47206.90059,31168.24241,1
37032.64,35.04016471,46438.22533,36502.65267,0
152.7755722,75.35585804,149.2083424,107.6688014,1
1144.5045,56.61666703,1182.191445,919.2548548,0
21534.51435,40.10536161,25357.35561,20739.11629,1
11462.5832,59.07493363,11901.81485,8907.751747,1
10.00653294,45.53033586,13.43070288,8.297616924,0
628.1999,34.95863507,862.9884866,565.4150474,0
0.917815513,53.71156282,0.976172337,0.828399028,1
455.32,60.77398509,470.7034672,411.6355328,1
0.062200442,48.54713613,0.06345598,0.060106564,1
0.064,51.47628017,0.070092761,0.062327239,0
22957.22519,62.00015213,24463.19344,21094.11114,0
17.51071679,53.54193151,27.22878994,11.493482,0
12.15927538,62.34618314,12.77580186,10.39776908,0
9059.705,51.71872628,10135.3475,8463.558246,0
8397.616522,77.29291758,8121.661577,5680.77275,1
117,50.59460503,204.8471959,38.67037906,0
0.00367229,85.7613291,0.003745928,0.002748945,1
312.64,37.86651766,358.0823136,301.8056864,0
8357.115,41.94780348,8601.132488,7913.463012,1
0.062024828,41.88397892,0.069294019,0.061108311,1
11.8499,45.67810251,13.00422026,11.45047674,1
8327.756201,41.56204222,10015.54905,8187.915517,0
760,45.32633417,1302.008958,681.9439279,0
5148.800493,54.4734234,5489.015287,4955.781077,1
378.18,52.52086155,394.8686317,352.5193683,1
391.9942089,51.6066141,427.6105845,313.2823031,1
7454.371138,29.93003131,8708.016372,7527.170714,0
34619.3575,31.78532593,56331.30869,29032.12131,0
20193.34279,36.98522871,21701.97724,18815.3885,0
237.36,50.64296006,244.9670009,231.0539991,1
790.2790317,69.35260028,796.9884077,745.6419418,0
76.5,33.07258063,122.0533348,67.63278417,1
468.9579182,21.70838213,638.4461079,482.262891,0
13.27999,54.24651735,13.6210484,13.2020666,0
8655.488506,69.17505982,9139.915854,6638.434329,0
22952.69,53.10905127,24284.41881,21525.18419,0
631.4890222,61.38141939,709.2105405,525.652629,0
46038.8925,46.93396164,52293.55525,43958.02275,1
6327.536363,40.59802484,7529.172126,5992.029958,1
227.13,43.65897903,245.3287422,214.4932578,1
5.6005,47.38832446,6.35260274,5.12672626,0
447.4,47.39840172,460.3123748,428.4116652,0
7788.485,50.31385498,9089.597396,7203.229604,1
3.83733856,29.98955454,5.446798318,3.611742621,0
0.68,31.04275793,0.898670299,0.704769701,0
478.69,40.72105481,514.7030541,457.6749459,1
29.81980723,88.63332917,30.60112029,17.85024416,1
0.810958971,84.96501357,0.761740697,0.192695891,1
677.8941068,42.66412105,1196.856573,667.8918194,0
24607.33561,66.55661761,24739.18893,21200.42645,1
8046.982134,54.18117978,8356.140697,6129.720953,0
22929.02489,85.03543442,24291.26751,15004.49329,1
431.3400213,53.49363587,473.1971203,411.3093348,1
11.64999,42.01535588,12.4445832,11.3529128,0
135,53.12601807,145.0152349,124.9297481,1
32640.63914,48.98874104,41575.30591,29890.16263,1
17176.89869,49.43111095,17149.31437,15928.77878,1
631.265,58.07798519,649.2050436,602.7666814,1
43452.83,32.8685999,51903.23752,43709.31748,0
0.734060517,40.93370414,0.890794449,0.681341927,0
46121.93407,75.22361183,42416.31945,27660.46092,1
630.0749535,79.91112089,659.744554,384.8617,1
4369.215,77.3312996,4480.722929,2189.191271,1
37639.45567,39.62227187,48007.63638,30945.79942,1
358.6,60.71986263,368.4266215,303.1333785,0
511.8523217,42.15795769,607.4610652,451.9233732,1
0.998629766,71.08775508,0.939867457,0.644233672,1
16587.76,40.35876618,20650.695,13989.291,0
3782.6575,12.89878717,7371.484174,3739.723826,0
2959.51975,73.84248236,3042.797426,1952.894949,1
2.356123508,20.98908282,5.801734589,2.128495881,1
0.004,51.1252436,0.005812364,0.002121593,0
240.43,56.77824151,241.3537583,226.1972417,1
815.8548003,51.50986488,926.6899966,697.019286,0
4.92748872,43.2426164,5.244181457,4.880189496,0
290.130059,68.17870817,294.6418021,220.8133685,1
261.1842975,45.06014223,302.9871959,255.583641,0
3437.032155,69.2255046,3523.117913,2310.300428,1
13.9394,47.50291246,14.64491718,13.18478982,1
5.61932,33.42888043,10.13210416,4.534226838,0
5323.21,61.24059045,5490.993623,4977.072127,1
61532.1675,72.5745853,65295.27071,40332.40679,1
454.1424924,70.26296507,475.1066692,327.1136043,0
41793.31375,74.48805446,42410.0553,26887.68621,1
29250.74,55.6418234,31339.09425,26988.44975,0
0.069338729,46.18445205,0.071356141,0.050666005,0
357.6657136,28.83122771,481.0516834,342.0012594,0
43179.25451,58.59667338,45813.46156,35725.37817,1
6442.7307,48.94583632,6783.424913,6156.142815,0
730.2385,79.58786958,722.9119161,598.6925589,1
240.6,50.88191457,247.5720667,215.8289333,1
2726.08,58.45148195,2974.277877,2312.032898,1
13675.52393,83.91447602,13732.38272,10281.47713,1
28889.2925,81.70589434,29395.05852,16969.86998,1
0.1989,83.36466385,0.194467363,0.052063637,1
48754.165,53.50282817,57001.77632,43219.20843,1
381.1908586,47.31459942,416.1351724,319.1760408,0
4034.35,54.12833409,4139.661413,2979.229337,1
106.3781163,39.62613586,139.4357862,100.1812606,0
453.914723,74.45610481,452.2990591,407.9594179,1
629.640708,55.65233466,649.9320074,599.4763705,0
4.36146,35.36540316,6.66715454,3.83288946,0
477.38,39.15978142,519.0905833,459.0134167,0
374.31,44.03517796,405.9281381,357.6798619,1
0.00106369,36.01668088,0.001412897,0.001053956,0
9801.269488,66.33237272,10267.07793,7405.554563,1
23923.05848,58.63527935,24468.90198,21562.68392,1
6.626860092,66.5348066,6.960919689,5.861258374,0
9326.875859,58.90318559,10233.07395,7618.472304,0
2.986373303,43.55138011,3.443751763,2.704478279,0
448.8757155,42.93383907,541.2697846,403.687646,1
455.0107312,59.07297834,472.8180251,416.3388386,1
17.81821,80.90148518,18.55792841,12.59191659,0
199.8248366,31.00885009,356.0965141,183.2948305,0
9147.085059,48.90644541,10319.93723,8231.674602,1
10096.83022,43.51345118,12260.00153,9678.876205,0
3.27,45.48563529,4.395359156,1.922536844,0
244.92,41.86197905,268.2037574,237.5772426,0
31719.73,50.93400346,31292.51985,27976.89315,1
11540.66232,59.61890247,11848.75541,9262.480727,1
784.4736928,46.64633948,844.4888361,762.693433,0
98.02441993,62.97704869,97.49073633,82.48301574,1
6191.895,34.45754409,6760.9741,6254.78665,1
436.6753986,40.81788961,535.6626867,415.7347594,0
56582.89377,44.28155259,64569.05064,52620.2761,0
1175.562189,54.87428123,1272.503878,1010.433192,1
3890.090937,48.59195902,4580.008715,3281.141262,0
423.7000918,38.98145135,515.0318989,390.1048391,0
0.92022,53.8809629,1.127823244,0.794444756,1
812.5,50.33110776,871.731532,773.572688,1
609.0800029,54.39709664,690.8299627,563.1615153,1
3.5,90.70238543,2.91251878,0.098793769,1
4.934406733,52.81860216,5.061197986,4.617391023,1
356.5673226,59.77003617,368.6531783,301.3041279,0
9968.39,56.53499232,10502.70798,9273.489773,1
16814.22258,46.62179857,17717.58626,16353.31954,1
19315.3,45.62827016,21182.90625,17936.98375,0
583.05,82.64250799,626.394002,397.872998,1
12.27,62.68944659,12.82458883,10.77269617,1
95.50670953,57.87290614,99.54646572,82.08905556,0
2257.288364,84.95221074,2200.350722,1406.114377,1
583.542158,38.52830064,722.7000933,561.9956066,1
0.92067031,54.37445079,0.980060872,0.825631753,1
4960.227603,88.6362066,4681.576617,3509.393784,1
440.49,68.31570935,440.5046276,348.9883724,1
20162.71,36.81439099,21673.16359,18877.31941,0
7519.835737,40.24003433,8930.060613,6843.727321,1
30324.64,68.72806295,30817.2844,26520.5096,0
605,52.54031653,695.666894,555.850106,1
226.92,43.23361731,271.622098,182.964902,1
1149.6445,57.25687169,1212.658081,900.2127687,1
6440.6225,49.14040059,6758.942633,6157.711367,0
17101.60302,55.03376509,19710.09732,14586.6875,0
232.82,45.81574822,246.2406499,227.3573501,0
19248.11,28.96332753,24232.25639,17798.66561,0
17.86462801,81.8959878,18.50474766,12.65853678,1
631.01,48.7268437,701.2576519,509.6863291,0
30394.56,64.72051181,31148.52711,26929.81989,1
11202.65191,67.32609646,12126.87319,8320.655692,0
5.11904,55.92064106,5.197834806,4.898265194,0
108.6283451,51.11317771,202.5153782,40.38735243,1
24409.80175,61.00930945,25227.88227,20129.93552,0
5.59998,47.51252299,6.571886648,5.071081352,0
323.7169661,48.50992706,408.4628273,289.3545088,0
28761.73843,50.45367459,30242.91281,27123.77169,0
6.288538342,67.05145961,7.302832685,2.70698781,0
41395.64458,46.90847762,47424.58893,37586.79739,0
10.94001,48.16493465,12.83987913,7.435940866,1
5.09002,54.29322413,5.181839687,4.896037313,0
28690.581,50.92560123,31073.12722,26877.47888,1
3.152,44.12255693,3.873408006,2.113431994,0
368.0982066,39.07921281,413.1711892,356.1988156,0
41816.95106,29.37883117,53176.14734,39917.74286,0
6.444158282,82.94188372,6.35345082,4.730237618,0
45359.46416,47.77211645,56988.0157,42058.51748,0
16.78101952,89.74712199,16.36389265,12.40671724,1
16445.165,59.90869793,21102.47579,9796.031465,0
1011.375322,58.20958603,1081.616404,862.9706042,1
11867.52034,59.83578085,12270.10326,11120.83238,1
642,71.44871695,705.2305983,404.7564017,0
585.6587,43.42804933,681.4912011,555.9451389,1
20492.29517,28.44648971,35829.19846,17749.44195,1
511,38.71655293,639.0131061,466.2838939,1
0.0008488,21.74760859,0.001439969,0.000779388,0
7837.265319,36.05796843,9614.69492,7686.311131,0
109.60013,46.79020373,155.1132982,94.29890381,0
448.6552751,32.44605372,631.6339548,389.3980061,0
7458.035857,29.97930669,8654.315073,7652.003515,0
30370.82207,69.89160093,30256.94113,26567.14624,1
38309.9425,62.58321678,38707.57445,29746.50355,1
605.449557,82.72504058,641.263,428.2705007,1
244.2,53.55735856,245.1288699,216.1541301,1
122.9216359,54.34724576,131.8634515,117.2567601,0
30433.5,46.38744151,31715.27337,28038.46763,1
30228.4647,46.31131839,31810.31876,28160.75407,0
2558.692999,51.99337177,2960.366428,1919.080717,0
62373.88562,66.35881181,67357.32321,46290.13724,0
11.5102,83.18785846,12.22110877,7.735333233,1
609.74225,56.08987914,636.7748731,554.3300019,1
10130.5475,43.83067604,12268.75035,9676.576652,0
8.5902,36.2662244,12.45315614,8.050394859,1
208.5,30.98082702,355.9808022,195.1461978,0
630.4683419,57.23148702,656.645583,556.9602883,0
13.29899,66.2560472,14.01777639,11.77597061,1
44714.0968,58.90143415,49277.45311,37487.11018,0
242.9676143,38.75193799,306.6915903,231.720079,0
35428.2675,58.47209943,35563.57847,30058.29678,1
9.568020904,76.26838797,9.712834763,7.605466012,1
7170.631869,45.79892348,7543.880654,6816.054946,1
6.62898,65.93068395,6.962543701,5.845283299,0
10570.10568,45.68440562,11142.36451,10281.03426,0
887.7431938,49.70364604,985.145226,780.3576698,0
7368.7675,57.30641948,7452.333424,5752.664826,1
131.986,59.01958588,132.610565,106.102016,0
5689.86506,77.21648041,5746.166611,3514.761084,0
11721.43847,72.65450625,12295.58313,8410.83037,1
31547.9512,39.32821146,36054.50203,31192.04083,1
5.937834155,52.91929142,6.431889578,5.14438811,1
352.81,44.97338351,423.6770044,310.3999956,1
47074.9725,51.2688819,58620.2416,39122.5434,0
9.546093674,39.04080244,12.70593857,7.642238199,0
1216.114368,61.58286948,1292.900695,924.4474881,0
9556.0825,58.31283205,10006.14721,8472.937039,1
58794.32,44.03187853,68302.55578,56643.20872,0
8908.385,72.10370296,9188.808814,6094.104936,0
263.8543569,72.20879747,261.7643515,226.522851,1
6664.024094,51.14340844,6944.758871,5862.819339,0
9184.247366,45.98344873,9783.57107,8960.917611,1
93.29869725,57.00930312,94.76638559,82.99009205,1
223.5400769,34.69285051,244.5123521,222.6455736,0
391.1429351,44.29724758,473.4398905,351.5622765,0
228.7,39.22706723,242.6315564,229.7834436,0
21715.2108,57.16948042,22034.00403,18574.77316,1
6415.340503,48.04180066,6719.218333,6143.272069,1
35065.46615,47.47929867,40888.81933,30259.17442,0
11,54.30189213,11.77915434,8.987298659,0
247.99,63.00290539,249.6275766,228.7814234,1
0.1931,77.81658373,0.227279321,0.057051679,0
5050.666009,68.63767979,5672.869612,3438.510182,0
8174.9325,55.64834377,8982.218461,7431.894539,1
3871.082406,76.60410292,3807.091716,2221.187127,1
8141.633714,27.74111876,10871.78991,7116.543038,0
33439.5957,51.3300718,35474.73262,30069.04644,1
8194.185,36.34306998,11927.35919,8150.997307,0
672,88.77272096,661.5142818,430.6277182,1
500.3230601,18.51208135,627.8105972,520.369432,0
753.00475,63.22587892,763.9404298,701.5835952,1
45905.96112,37.87256372,51573.11218,44533.19033,0
13.63052125,42.164897,16.43397645,12.53029652,1
858.501434,85.31611737,830.9368418,733.5515967,1
7257.373212,60.99406288,7816.931507,5568.597403,1
50574.47283,35.4359481,62199.58737,48950.54111,1
3.15,43.79590178,4.155730915,1.993886085,0
35269.51372,63.68630665,42652.8575,20130.26562,0
42839.7175,68.13769113,45367.52724,28772.44976,1
8173.774611,67.72216518,8586.499751,5657.815796,1
53683.26,38.31455454,63829.5518,52312.3077,0
8020.26,53.51691585,8998.364081,7356.636919,1
5.6620277,48.26380291,6.626165796,5.110682337,1
329.8542276,78.14620642,331.7564728,233.9869534,1
89.99999,44.49628117,202.7422135,44.56536046,0
8537.015623,42.07816287,12049.17303,7145.448902,1
255.73,48.78100104,269.3414169,238.4965831,0
0.248,52.33404162,0.271296749,0.196236541,0
6.315706342,56.44543817,7.723957099,4.715475782,1
0.3,65.78630069,0.307297849,0.213208621,0
3796.1175,48.99048193,4092.554262,3523.224238,0
0.24,50.51774504,0.273388265,0.189782735,0
0.9111,54.15847222,1.141902344,0.797093656,0
8.79134,38.54024582,12.35668885,8.052916149,0
2.477564951,43.93993223,3.185106399,1.87615943,1
5.02284486,39.03230279,5.95038226,4.44398998,1
2665.147546,55.01619695,2970.298133,1917.998592,1
10233.29957,39.39278572,11137.5008,9913.002343,0
7146.167638,44.77237343,7715.352343,6795.455451,0
0.0646,44.04495353,0.070546009,0.062430711,0
227.7756958,44.13816704,268.8613839,191.8985818,0
7612.277488,28.27739482,9732.053069,7750.138392,0
21178.2994,87.38228543,21545.30854,14432.78772,0
0.2401,51.29472968,0.267182474,0.188858526,0
1526.267772,75.97216972,1613.353703,1111.138598,0
582.2483714,40.85856656,637.1717077,560.6344766,1
42496.78523,41.97551945,49541.60714,40686.76214,0
17182.31985,59.034901,17128.41738,16441.79589,1
7937.8525,33.27693337,10079.36728,7621.454221,1
0.00304822,88.73819782,0.003596363,-0.000645326,1
42281.62,43.61511125,48799.36053,40610.11647,0
242.05,54.72967781,255.7352205,219.8537795,1
100.1263051,36.23476593,135.5717908,89.97572976,1
285.2483966,58.91277976,308.4090526,246.5848902,0
4.817229525,44.46261651,5.462790616,4.511487568,0
501.6102867,38.50419311,613.8986483,452.525395,0
337.2789582,52.59252938,419.1094926,265.8301696,0
224.68,37.21114848,244.3938642,224.9271358,1
587.7,40.86976565,686.1170563,535.9388187,1
9033.985,52.42886961,10180.07838,7723.161869,1
4.788,46.97401173,5.466268713,4.382871287,0
996.34775,83.06950126,1031.076902,708.2110733,1
8542.59,65.01994382,9043.862231,7049.027019,1
7299.13,56.16298282,7539.661861,5774.543889,0
19958.59,51.81043965,20367.12968,18437.59932,0
19445.94,46.90474421,20273.1032,18463.7068,1
0.204,43.95006479,0.313476,0.17643,1
223.08,34.75956241,266.6353812,214.4536188,1
6.4195,63.95044044,6.963182444,5.305156556,1
8631.415,45.16282547,9662.112452,8573.420548,0
233.1328524,42.93828153,315.9547384,170.8461239,0
782.2302159,66.36695293,796.589928,727.9359319,1
7092.973808,59.25045651,6961.574786,5986.388666,1
42177.77,41.2685819,49550.27049,40698.73476,0
258.9308174,36.32917247,297.5972377,253.8715992,0
0.0045,55.74833319,0.005121571,0.002448429,0
10108.63545,35.81361388,12506.26978,9896.677851,0
24400.38939,62.11549199,25388.3576,21028.26495,0
41277.41,53.12695808,44275.65181,36492.53119,0
440.81,43.63598314,466.5473576,437.1376424,0
1032.77575,69.9421937,1028.413613,829.9537125,1
46.95,75.47437279,52.79539227,26.12288773,0
223.3980441,35.20213445,267.4483769,214.3833532,1
8229.482936,41.50084098,10057.13904,7825.618776,0
627.6778556,50.02786845,800.0629745,507.0331325,1
646.4133891,63.06216317,651.175658,552.8482396,0
4.8808,70.722505,5.290863037,2.802129963,0
574.2662016,85.36695558,584.4722313,389.3698731,1
39687.65,38.97688797,48901.90216,37688.53684,0
16.87540454,52.40357737,29.1944319,6.061894149,1
67541.75551,68.56250869,65991.52421,58086.03836,1
13570.475,75.16379271,14143.8344,10569.30335,1
3.2,78.43758323,3.377321645,0.100264105,1
273.36,61.14608348,285.4075218,217.4854782,0
13475.2173,74.50955606,14006.04485,10486.70631,1
52161.055,76.13698079,54671.64746,29357.12079,1
140.41238,59.90253663,149.4779509,124.0003951,1
451.11,56.79002106,470.6940842,416.9099158,1
11346.83715,52.80028123,12868.88615,10274.78749,0
7229.397101,47.36793333,7546.69935,6818.764905,0
895.14225,79.76102193,900.2563568,706.3526932,1
581.98,47.10945055,665.6082712,549.3537288,1
3839.233553,55.1881147,4033.618537,3638.327402,0
11.54253553,86.27753008,12.2016526,7.736010405,1
23519.85,59.96724344,24450.33967,21309.16233,0
6402.324859,47.3871473,6675.144627,6138.999452,0
57334.64153,67.3276016,58943.89319,42922.14216,0
33782.94595,44.54622381,40676.10548,29915.23448,1
827.50975,42.93884409,1104.968901,754.5182988,1
10235.49732,69.04079981,10608.50772,8434.407603,0
280.2,56.59053986,304.3870832,247.7909168,1
22305.70664,55.99506619,22311.17155,18619.5188,1
0.28295,58.94861374,0.354345477,0.18327298,0
12.2,62.70784289,12.82892018,10.39144182,0
16.36134202,49.91373844,27.22188268,11.39305104,0
9836.696788,44.42155546,12645.4523,8919.382177,0
9.80679,46.04910921,13.56352388,8.777375118,0
42626.86539,36.76109295,51720.21038,39290.39649,0
30458.97004,70.31213061,30563.91457,26557.17432,1
4188.065,55.21200428,4451.927002,3343.981498,0
5041.97,67.46399326,5676.093448,3437.765302,0
8148.0425,28.60215969,10866.94836,7111.409137,0
37485.48,29.65018676,65107.05389,34151.84361,1
4004.259036,54.51847074,4107.966831,3623.931469,1
384.8651666,36.64463241,478.274576,375.6970988,1
6335.414204,45.20047394,6491.560228,6257.381013,0
7634.065751,47.48348029,9007.632716,7356.789749,0
427.36,60.58977353,424.1712864,405.9847136,1
11478.115,59.23372144,11900.3924,8887.11985,1
8719.125848,70.53319609,9182.123096,6345.692281,0
594.2525,41.58061549,710.5123848,548.3334652,1
18317.92,53.30310703,20040.99994,17167.86206,0
222.6550395,34.03077986,293.8497955,206.9549696,1
11440.25556,37.39814605,17506.76538,10522.81202,1
48167.18937,53.76727694,52270.05484,43643.71847,1
0.0621,50.20467429,0.063679939,0.059927061,0
6231.81989,42.10787035,8079.501603,4367.620144,0
413.05,49.28150106,450.1229432,397.8450568,1
7919.825,51.83458348,8981.137437,7403.507813,0
29337.1,56.35366202,31323.88504,26912.28296,0
1152.139389,49.80534511,1333.310025,1027.732822,0
17032.29338,93.88176998,14692.61863,5462.465383,1
1193.79025,74.22171209,1220.218988,933.108912,1
1052.367645,69.57632701,1074.260238,845.460014,0
439.7398,42.35658096,534.1759738,417.5120421,0
8816.786708,72.56337882,9187.908678,6061.174173,1
325,34.36115155,407.0241993,311.4298007,1
503.291801,52.293497,551.0493275,386.8102371,1
7896.38532,31.67923292,10144.16971,7914.829803,0
47102.463,39.80245723,51834.22996,45246.06215,1
394.2,52.00530603,419.2570186,317.4129814,0
432.04,64.55184306,431.6872705,412.3087295,1
9305.605,54.93703883,9894.71522,8623.26953,1
21181.6592,45.24872531,23868.26685,19271.99125,0
4.920849245,51.41746133,5.20200411,4.4789553,1
275.55,53.11007542,303.9709465,249.9520535,0
8662.0575,70.12704472,9137.284287,6630.749713,0
4137.42825,65.83434562,4697.504349,2922.262376,1
49638.7375,56.38516887,57112.87103,42259.32647,1
18035.185,50.64852343,20008.13982,17161.38018,0
39383.88484,46.13659576,45570.03761,35424.43365,1
30325.58,68.73333617,30971.7453,26684.5177,1
7431.89,37.54187974,9417.154909,6679.151591,0
7438.235,30.22579369,8704.776742,7527.870758,0
656.2751469,48.88580347,679.95582,643.9345897,1
10059.00402,48.35888191,11546.57782,8855.492446,1
6.075232652,54.11924722,7.087208518,5.020547109,1
0.31299,49.62053522,0.388172864,0.259987136,0
0.2682,59.92698357,0.346137752,0.087793248,1
372.9,41.35360607,422.3082847,352.1367153,1
37322.6,37.34031197,43759.3641,33645.1669,1
20552.89903,44.48105789,22061.58002,18707.85117,1
10408.5275,52.98546906,11148.95185,6812.330403,0
6935.35,40.49670922,8559.504021,6765.070979,0
7326.920682,64.36920488,8436.575843,4245.133548,0
58288.42563,54.73707995,60760.69937,49366.16603,0
577.1016997,77.64995395,631.5879146,407.8828186,0
1.40901,82.02186951,1.364232827,0.506147173,1
19432.58846,60.74834968,20183.86024,17183.02391,1
9489.395,37.95909097,11502.61714,9360.899364,0
7411.34425,49.14805615,8678.143534,6584.982619,0
9182.855065,58.46903673,9655.374973,7160.701507,0
4.77247,34.7361911,6.215946505,4.414842495,0
8839.501132,62.98686328,8840.679943,6081.821443,1
416.51,48.14390049,478.6717696,402.3212304,0
0.225,51.44552261,0.351514518,0.127867191,0
9209.638696,58.02588078,9997.165356,7185.43761,0
336.82,37.38159951,410.9602603,326.8467397,0
3888.1825,50.84819279,4208.472609,3026.320641,1
0.04951,68.17405057,0.053052132,-0.022521132,0
22.66,84.39837458,23.02715717,15.30795183,1
528,70.53394546,526.5977918,395.3281082,1
31802.14671,78.69139408,33234.84659,19215.4105,0
2.56035,39.75730087,3.632657255,2.360634745,1
8768.810614,40.88818148,10642.68002,8263.208504,0
5597.5175,71.70196436,6007.804111,3586.619389,0
19709.54,70.88384399,19936.69212,15317.14913,1
9691.680491,59.79558154,10018.40548,8557.700517,1
35599.94188,42.06972713,40736.3295,33115.58308,1
10136.39,44.42719284,12177.89826,9435.321995,0
3.187335357,60.91072854,3.389144833,2.273371339,0
5.909301324,79.09667642,5.837560599,4.890758796,1
136.50002,51.48929018,145.163752,127.099607,1
1119.296715,87.39562399,1206.511549,168.877218,0
6733.2925,51.59790429,6863.500845,6006.381905,1
30342.05911,68.93686055,30813.24322,26537.11241,0
8219.742787,71.80116697,8707.310382,4494.425033,1
12.18462624,63.07944544,12.7155364,10.3375169,0
16771.24267,35.14007662,22949.9513,16382.55526,0
5.42781,38.93432831,8.272041934,3.753447066,0
55713.03814,54.00937687,61190.27457,51793.8811,0
0.0614,47.19984338,0.063056087,0.060551913,1
7956.58,35.73326846,8594.141298,7848.733452,0
6.31747363,61.48793812,6.978215298,5.209268554,0
421.32,53.87506398,426.372396,412.281604,1
5.45345,45.0183096,6.646777667,5.095171333,0
7.775337638,29.8849385,16.8391993,7.423728913,0
28430.87,50.75505121,31277.26827,26665.71073,1
8164.549993,63.54977202,8312.48041,6705.535833,1
7472.3575,30.6800194,8646.490605,7657.789395,0
13.61180844,42.34648115,15.39834606,12.83140145,0
3851.998425,56.22755992,4062.852284,3554.552275,1
612.918415,26.09257414,881.4524304,621.6882769,0
38925.41943,49.82299712,40074.64042,33312.72238,1
0.061,55.80009889,0.083645566,0.042725434,1
8756.369572,40.69711347,10547.60596,8210.369785,0
133.1,60.066847,130.4638842,106.6480968,1
131.295,74.06380677,130.3741765,98.07937048,1
924.4682595,55.41336108,1077.423539,733.5650941,1
245.9559243,61.58409601,248.8424317,227.1384723,1
19.70001,87.49535269,20.02682835,12.75238165,1
7334.285,32.6707313,9549.723328,7173.122672,0
1.16199,78.54065735,1.130213768,0.557446232,1
433.56,73.1629408,396.7139427,301.4470573,1
89.89226928,51.00977214,103.733159,64.99918795,0
5.426014295,74.89517157,5.328977162,4.99449556,1
14.31015543,44.47502747,18.47821427,12.85800894,0
21772.13733,47.35585783,24163.42256,21589.46068,0
6278.42464,39.01784741,7520.642088,6019.447262,0
6.796317688,65.34785846,6.866666519,6.310542646,0
23865.17,55.55433666,24676.92118,22506.48582,0
238.236111,49.99953585,255.1086547,213.8534382,0
0.0006334,22.09664101,0.000686081,0.00058865,0
651.52,47.42133828,685.0223483,641.5191517,0
18846.15054,29.44127018,22557.38181,18565.19854,0
41.94744072,85.65406423,42.20024,23.00196377,0
6720.373234,40.44310006,8060.156549,5964.409773,0
7033.428068,57.58588618,7045.260566,5950.236001,0
5.10947,54.03855044,5.322004549,4.737131451,1
109,40.4261726,142.3800838,101.9206072,1
235.5238831,34.15388533,302.2402245,227.2823994,1
20246.36604,45.50420097,22015.7162,18459.15925,1
1184.5075,79.39693872,1148.95464,946.0978104,1
18727.64,74.34910435,19797.69541,14117.14734,0
61316.555,62.06702378,67006.91619,49231.29681,1
43530.94404,31.86540898,51906.54084,43786.50916,0
3.94678,74.20001561,4.002340034,2.548066966,1
0.00455934,93.57433245,0.004589046,0.003206525,1
23175.8242,50.31413898,25492.46647,21018.42158,0
16606.75204,44.3663004,17598.91637,16095.02104,1
920.80725,54.546044,969.8006794,791.6370456,0
21621.52,47.68970892,21867.16721,18818.27979,1
5.633,79.02635489,5.565638144,4.899835856,1
10206.925,63.74540686,10129.36316,8661.664095,1
2255.89975,72.74163159,2403.584434,1440.383466,0
1.07001,77.85772501,1.174738097,0.196083903,1
39161.89,45.52794688,45700.91123,35527.38977,0
20480.62,58.14114861,21090.58385,18449.80715,0
24636.52661,66.70633718,24902.65633,21123.11207,1
739.28,49.3035638,951.9166716,515.8568734,1
51501.91,64.54882939,51578.47022,38914.66803,1
288.21,57.46730882,304.5884693,268.3815307,0
4.06997,69.91460479,4.361982738,2.640931262,1
712.3471528,58.64302354,734.9597358,682.412042,1
48895.13,39.95720609,59420.79269,44277.87156,1
3.171007743,44.1948527,4.162734398,1.988333831,0
3908.16,51.19375811,4048.338732,3797.77108,0
4093.795,64.92332156,4724.902005,2760.143245,1
6840.2975,48.31373015,7432.118823,6516.159927,0
11375.2725,63.73126542,11276.84954,10242.74371,1
3787.1975,48.76682929,4222.123462,3269.419538,0
66.34168089,21.58737957,115.4392438,68.1871175,0
654.508631,69.93746207,654.3792887,602.828173,1
2215.746296,43.66981577,2801.321671,2008.05031,1
11795.9525,64.25045076,12463.96126,10116.11499,1
22394,43.18155155,25378.71489,21681.96411,0
7997.9125,35.54082209,8584.398307,7896.567943,0
47218.474,50.30248614,52016.39005,43543.23819,0
9897.186786,44.86367198,12667.85299,9034.134369,1
117.284616,50.94993619,138.5197222,94.14986111,1
11859.085,64.89956483,12140.02324,10838.15626,1
13.33286108,61.35336544,14.18366519,12.09652845,0
17740.0325,59.85942877,19719.47564,14808.89911,1
16670.73,45.8923736,17131.29905,16350.88295,1
650.0271672,65.65375619,658.7024794,606.4440718,0
5.27,59.26477584,5.171586417,4.637395583,1
11.76999,62.08497714,12.01005585,10.24754215,1
422.32,50.10319941,475.1867668,408.3682332,1
19427.10026,41.3075736,21998.527,18351.50764,0
3.98791,32.10468701,5.533453303,3.671859697,0
636.31,56.78546198,667.5893143,568.8556857,1
4598.9925,63.59325697,4705.776378,3510.838622,1
237.99,49.98764874,254.5406895,214.0033105,0
35293.315,49.08664908,39260.48345,30473.74005,1
4.794066572,46.92182759,5.475318344,4.374003986,1
271.3024582,71.22978832,267.197976,234.9871721,1
2500.832,48.48305274,2734.715082,2387.586818,0
0.2082,40.77386858,0.313949481,0.213855519,0
41782.51,55.31167688,44419.04484,36088.60216,1
5319.1475,70.50178627,5604.665804,4566.160696,1
230.1324378,44.12716357,244.0207807,224.5610002,0
6620.567336,54.55277899,7832.913243,5202.010365,0
12.33165983,65.30004723,12.84505126,10.47241572,1
4006.0575,54.5302208,4113.519028,3590.204472,0
7596.698012,53.06198326,8864.678444,6149.453624,0
495.39,50.72802892,540.8454685,380.4205614,0
19156.58,44.38020875,20192.57067,18605.09133,1
51882.05981,34.65913467,64500.67926,52505.82946,0
270.97,71.80781466,272.9167469,228.5182531,1
432.7,53.49741351,472.0904171,410.4285829,0
9.46051,40.5602897,16.1953489,6.386203103,0
4.92996,45.26446233,5.187094879,4.864089121,0
10575.665,46.01421098,11147.99622,10280.50003,0
0.911671477,87.59930482,0.844150218,0.162774518,1
332.63,43.32083946,390.5143403,303.6236597,1
6394.3875,46.84592571,6745.674151,6152.700099,0
4095.32,65.43811064,4122.94497,3825.08178,1
56271.87,44.06175123,63595.32355,55108.3317,0
11992.696,63.46521387,12273.80275,11004.05476,0
1.903175959,77.69911264,1.939967094,0.429431233,1
9.07011,40.03632009,12.27932446,8.351246537,1
318.86,30.81886041,399.9633724,322.8526276,0
10085.57,48.61223991,11520.93643,8863.002821,1
348.53,39.48642,393.3170771,346.6639229,1
9726.3225,62.76551544,10075.93776,8311.898236,1
4212.547573,48.40852301,4848.518123,4070.01334,0
1.09,88.44174821,1.075841194,0.176369806,1
4.772567381,45.10593477,6.181985426,3.724932193,0
18682.275,83.85997728,18665.27024,13019.43076,1
35828.5925,42.8084442,40840.34639,33224.15361,0
397.36,40.32960424,450.7848953,397.4531047,0
9396.8725,60.85372763,10004.44168,6925.484322,1
230,95.98164797,200.4408499,22.89322612,1
42228.505,74.84376243,41475.6619,27216.4606,1
219.4958597,42.58995959,265.0095844,201.6596979,0
608.8658407,55.25188769,614.0558286,597.3409806,1
276.01,56.30027456,308.7097141,174.0772859,1
326.5,48.96798979,412.1633903,292.1776097,0
37399.4125,66.30827083,42821.51646,22464.31879,1
377.2627791,40.72807007,446.228616,350.5758013,0
123.211,53.43437182,137.1429192,96.59374082,0
19341.46021,48.91412138,19940.72189,18768.32045,0
0.283,58.62638636,0.311618655,0.216093389,0
186.12,80.34668091,180.2259546,114.3597174,1
327.84,49.60492147,411.8248066,292.8971934,1
8862.92,57.34160947,9757.208803,6209.273697,0
10.99971,54.74758284,11.96484646,8.902866537,1
224.9398773,36.00168541,285.9776024,204.0843742,0
12.29199795,71.18288882,12.15540138,10.26253596,1
4374.753496,56.1419446,4859.950769,3882.848574,0
451.0600618,58.59208753,470.9670073,408.3963551,1
829.5125,42.92974821,1099.189171,774.957779,1
0.084453108,87.45317595,0.07357429,0.053127432,1
0.0664,54.84239315,0.072984356,0.056665644,1
1038.135,41.07652219,1378.834911,989.954464,1
11066.14,65.66620172,11883.70983,8165.872421,0
6529.102436,47.92085696,6747.833318,6412.236265,0
133.5,60.03930038,134.6457259,106.1918551,1
9210.748222,56.12864584,10229.58561,7464.861265,0
39003.01218,63.69312025,39822.59017,29267.01141,0
400.4045307,25.65199083,518.6283236,403.9955705,0
19044.25,43.99540075,20153.3631,18662.8689,0
57209.99,53.17050178,63856.33782,48066.35593,1
32819.65953,42.21490224,36558.21444,31342.79349,0
8823.31,56.05321182,10140.81074,7109.102763,1
19835.94,35.72606772,24025.33039,18350.17761,0
5150.164661,54.88143819,5494.987091,4968.692775,1
0.265,56.86802218,0.276269146,0.205065854,0
13.49011,73.31449296,13.96552767,11.43578433,0
10238.0375,68.0690841,10610.17684,8434.461162,0
117.8611464,56.29481043,135.3721368,97.50678602,0
236.0233834,50.90996924,242.3472808,218.1109789,0
40096.36697,37.67463942,49269.12284,39896.91227,1
28048.62,59.33613346,28802.01633,26978.52567,0
10737.35058,37.33633141,17587.23108,9721.115613,0
7615.5175,29.06809743,9723.809564,7751.897686,0
5.09822,53.88556196,5.311582316,4.669268684,1
7.007243829,76.03114741,7.407060061,0.353314437,0
0.28301,59.74617587,0.35151185,0.15889315,1
10791.7475,37.39845806,17611.54949,9801.710013,0
879.1561353,53.56020416,1184.514295,694.7036328,1
45917.8125,63.23910054,49249.79877,37017.20548,0
13.67833059,42.79655226,15.59036065,12.82024176,0
5.34,43.77057626,7.322442018,5.452420982,0
24288.51,62.62691261,25028.39633,21120.12967,0
7216.0525,47.08181789,7554.125988,6816.921762,0
7528.940269,44.42086276,8031.352174,6884.62897,1
456.09,48.94791885,500.979556,409.88908,1
231.83,43.45326404,287.3416059,197.1107751,1
22824.125,75.852401,21492.44444,16861.34356,1
16894.08,46.47563556,17253.26326,15918.11974,0
11425.68057,58.83154618,11829.03259,8725.042701,1
8268.589122,36.88249439,12013.21778,7908.574502,1
15986.75499,71.06165148,16964.75597,12633.33436,0
4.714823587,43.95675622,5.453235447,3.963377376,0
394.6275304,45.49740368,466.5223562,352.0216698,1
735.7419971,50.67118343,926.3393894,510.4213613,1
5.195608995,59.86301848,5.306234878,4.655242793,0
9717.26,40.22941562,11702.86131,9397.468193,0
28084.93,46.45587243,31185.14807,26886.95693,0
244.1749527,53.86616325,244.6749327,216.5520485,1
69.655,24.25728386,121.8816442,70.14447476,1
1202.131458,58.77074108,1265.855198,1061.077202,1
48292.68225,37.88522164,60390.70385,44324.83155,1
11238.3725,56.16497477,12943.66159,8811.190156,1
7374.955,66.60021175,7201.754563,5902.498437,1
449.8452162,58.79817456,461.2264356,412.3187533,0
45834.51336,48.7800266,56943.93737,42178.8428,0
376.05,52.46620538,421.2654103,321.7755897,1
9807.7725,63.49478697,10128.88066,7882.512342,1
10.91586475,84.96335092,10.40591942,7.537966755,1
276.2688092,63.74716219,282.0704219,218.9723341,1
373.8645646,50.85652881,423.0656076,300.0518775,0
9580.5325,39.43138998,11403.6761,9289.816401,1
6.761727143,66.80279342,7.966165805,3.394050466,1
293.18,76.62406181,288.1689671,230.8760329,1
445.7411131,55.46131274,470.2110337,405.9106686,0
23623.43496,58.78118568,24809.41938,19173.79226,0
29410.96,36.67089024,39616.57182,24913.76618,1
285.5587808,74.88045464,281.8098735,232.6375362,1
40534.765,53.17936989,40624.00821,33010.96279,1
16574.06173,40.29551995,21274.53615,13798.93353,1
8240.5725,69.04595125,8355.795254,5965.088246,1
38353.01,42.41669997,46331.26837,36413.73663,1
37711.29,40.93766325,45935.54095,35646.69505,0
621,78.40079332,628.588664,378.760336,1
607.385,54.25109064,638.1984992,562.8824508,1
521.7479629,30.64514117,628.4517867,512.7454943,1
0.918,84.8935168,0.995679338,0.184239535,1
6096.128766,33.69273491,7609.921319,5677.821802,0
59905.61847,68.43032619,60996.18398,41844.00569,0
0.41,62.30260206,0.459686986,0.263139014,0
13.61,44.94112614,15.4634676,12.7604584,0
5894.89,71.65476621,6560.790992,3972.834258,0
12.21415644,30.18379471,14.41664539,12.76674086,0
7537.738209,59.70751587,7627.51198,6597.1047,1
6697.731879,50.79630928,6935.985283,5970.388641,1
63589.9225,67.45470399,62824.72379,53044.94621,1
6614.4,49.8436746,6898.127013,5843.894237,1
235.0861268,49.60651897,248.0998063,209.655401,1
56794.15563,37.24455422,67865.07284,57738.63961,0
7486.6532,40.6444076,8573.417758,6897.459046,0
0.0611,56.140707,0.095781991,0.022048009,0
8.17939,32.91351706,12.54626169,7.888269307,0
6849.452687,32.23141315,7952.002277,6913.114102,1
51547.1249,44.15319221,62195.85801,49347.77119,0
3.986280885,31.74496622,5.529679414,3.679243156,0
434,83.9535527,466.0377792,120.5664118,1
16724.2975,75.42244528,17206.94418,12692.66432,1
0.22,47.51815438,0.304174074,0.174406926,0
10311.7,51.6916354,11765.27394,7451.921059,1
30040.99,30.58129894,43705.87767,27145.72933,1
19442.235,60.5714107,20177.87028,17188.42372,1
63031.6729,65.26518986,66620.89362,51932.22255,1
117.98,90.14945168,114.3190584,32.2023076,1
0.8552,50.342393,0.954970932,0.748510068,0
242.2498372,55.09456267,247.4829055,220.8640877,1
1211.649876,62.17539199,1260.926347,918.379448,0
35515.48001,56.7210717,41808.45459,30038.78298,0
3796.175068,53.97685441,4083.370591,3350.623009,0
13080.65617,79.38033258,13491.64247,10221.38442,1
4.870508829,69.75427856,5.300105192,2.804986593,0
118.50203,71.35764505,115.851994,99.19762195,1
0.06,37.64237033,0.069936522,0.061263325,0
13.45940677,56.39133303,13.57997309,13.24487293,1
440.43,43.758948,516.1152601,408.4937858,1
6.642398604,61.69964564,6.823591431,6.221437419,1
1181.710866,72.41996678,1205.970667,933.9273588,1
47568.13117,52.31431332,58504.38461,39246.24139,0
14059.955,47.81184269,20058.11443,12221.73232,0
0.2682,59.07478829,0.348849054,0.127674946,0
113.38,65.84608572,113.5432216,100.4521914,1
6442.715414,48.97250453,6808.322577,6154.893455,1
367.8231999,27.7199528,470.1953806,395.7443279,0
1239.396296,58.23826935,1314.292141,1101.179146,1
5.339574791,60.43031091,5.387204822,4.556886405,0
2686.647514,56.29016485,2979.413005,2355.420315,1
0.008,63.19741122,0.007748801,0.003341199,1
15050.02195,74.60991628,16342.70458,5365.782871,0
34681.81837,31.15155959,56470.72611,29041.71193,0
55970.9075,78.8931081,57357.66991,30569.45109,1
2.82809,52.30680914,3.131088195,1.918489805,1
24314.02,60.44840313,24881.94247,21927.49653,0
5.09422131,55.31677308,5.165852618,4.926037818,1
8894.395,43.58536318,12348.83245,6414.805045,1
6246.47,41.89739491,6855.880358,5888.415142,0
7043.777939,77.85403912,6738.697906,5182.444619,1
582.82825,37.3416991,719.3374627,565.2556873,1
3772.035,18.38921206,7173.071494,3146.268506,1
657.9266342,45.56992864,1107.157367,466.3138288,1
3.9308,28.86865606,5.803347026,3.827683974,0
536.79,81.44031716,544.7088875,395.7521125,1
586.5551,40.54544967,691.2734946,567.2321764,0
22764.17,59.83589041,24360.09296,21349.18304,0
20793.29,46.32819594,21915.68166,18833.76534,0
370.99,49.08053902,394.6378682,352.4661318,0
1183.9425,79.22373785,1173.06399,937.1051354,0
7.185147789,73.54525331,7.151708939,6.17904857,1
238.9766613,53.65603575,241.7652874,217.4220247,0
419.6265285,62.43628188,423.106812,351.306434,0
7140.298011,44.76543591,7654.645532,6791.221887,0
7.79991,30.75400794,16.98587961,7.173858386,0
2225.700867,64.91967895,2428.365795,1521.070132,1
271.4217361,44.9108071,301.3850391,262.4145736,1
6272.167728,38.65616378,6552.155448,6153.598,1
9701.797503,52.05476428,10543.75917,9136.912527,1
5044.8925,85.33050848,5116.91808,3389.39492,1
111.6092129,47.90399314,154.9975811,94.24254299,0
4.70499,44.13777043,5.433712667,3.962545333,0
0.00071822,59.30186229,0.000766015,0.000600585,0
31.15553735,85.25671235,32.8827949,21.42069629,1
361.2100681,57.87606998,379.7397572,303.2187512,1
106.21188,62.0722135,106.0593786,86.85701242,0
11340.29,53.40344751,12887.31022,10100.00803,0
17360.37,51.82391601,17837.46507,16201.41093,0
10311.485,49.53654026,10875.38458,9457.629416,0
6745.438939,51.85330178,6862.887273,6014.871769,1
22484.45923,54.50881307,23759.18784,18944.60459,0
97.1,53.64464755,108.3356627,66.99839534,0
918.99,53.6266457,1324.007972,585.2232805,1
10.91971488,84.98120886,10.67285942,7.600274758,1
376.88,66.11813173,373.0533406,301.4556594,1
8714.43,67.45314249,8955.554103,6629.640897,0
43461.88,48.00402833,48803.41215,40600.71885,1
3.804089582,80.71105197,4.529202288,0.695395313,0
11.63435239,41.72805226,12.48131664,11.34564986,0
278.94,56.39375431,304.6912844,238.2457156,0
3.848668377,82.31899264,4.413211624,0.549493241,1
11.59255239,86.55116157,12.35948207,7.884315047,1
4334.18,58.30013511,4438.635209,3349.268541,1
17.40720203,79.59495937,17.93240841,12.39510613,1
1193.455527,55.2589619,1328.902831,1045.618577,1
11.75,62.43579154,11.90762211,9.967432893,1
314.7764719,40.68535778,351.4530039,300.0702427,0
0.068,56.57157275,0.072874324,0.056080676,0
5283.423025,89.12803512,5403.767832,3350.895087,1
29577.25988,38.86784896,34845.98016,26358.95355,0
7123.65692,53.2656688,7429.556208,6582.052222,1
54895.465,47.89108915,65738.70145,48005.4143,0
10253.2999,36.5763769,12541.2057,10187.04506,1
13.32007195,60.91946296,14.1357623,12.26051099,0
30064.48553,45.60711205,31816.8773,28238.21949,0
7.065256784,63.69932683,8.989994873,2.53748148,1
0.00502917,95.8078062,0.005103352,0.003375796,1
265.01,68.03181225,267.6984731,227.4585269,0
4.901158147,51.28994199,5.05730115,4.593045812,0
706.8193256,61.15147769,746.2653353,605.2333309,1
43092.97,39.57771041,50927.20606,39279.59694,1
235.9030061,47.21613134,246.9586735,212.018257,1
0.86,47.76459083,0.983046835,0.821429165,0
49002.3166,64.76086638,50639.2648,42510.09704,1
236.27,49.92116366,249.4014173,208.8125827,0
6794.085,34.70113127,9448.305551,6363.985699,0
372.9276312,40.62303216,421.5703094,353.9721972,1
4080.428443,50.275168,5113.866456,3405.533231,1
432.338179,39.84527195,530.0883873,412.3813468,0
16453.62726,58.99653205,21325.78158,9795.419834,0
104,87.31895205,106.5545666,32.86080144,1
17162.905,81.04331063,18154.42291,5890.37059,1
563.7685611,27.71824154,847.8028639,539.7832572,0
416.8230967,52.57985178,420.45608,407.888225,1
12.38939516,65.96187325,12.80571573,11.42284763,0
640.79,61.42885303,634.9455313,561.9794687,1
594.3903042,51.0418009,643.4359576,554.5206465,0
44133.22,63.69246635,44045.53288,33449.09112,1
416.5816538,52.5281916,423.2245622,401.5341165,1
3996.167904,63.57718436,4016.824664,3716.776351,1
0.00123576,52.79893995,0.001344021,0.001207643,0
465.3160067,79.38692846,463.9588084,404.9653472,1
11251.5775,84.17586666,11436.07351,6213.404491,1
654.3770602,36.75689107,870.7940249,602.7729864,0
12768.40459,45.43423009,17493.39275,10420.87704,1
0.005,62.70817823,0.005132586,0.003947414,0
4.94211681,45.89220059,5.317024927,4.787433763,1
452.2397798,44.19382098,537.2486576,414.3304467,0
610.0078814,54.31268791,616.5681349,596.3980596,0
0.0667,55.26434266,0.0730866,0.0562684,0
6.11191,43.53199266,8.970233041,3.636334959,1
466.5,35.42277816,503.5917209,458.2182791,0
64822.07,59.07804999,66927.85136,57966.66214,0
28049.39169,64.92615343,31101.74317,19183.7142,1
4454.052538,58.15008628,4865.793663,3885.943076,1
6408.252746,47.63399146,6732.232828,6144.904907,1
22809.74744,52.43036718,24603.37916,20630.82043,0
4.93752,49.96170051,5.275463135,4.171760865,0
50440.34,49.25867451,51953.11855,45462.92445,0
6.81,80.57547488,6.817360856,2.599158144,1
636.9239579,58.18815782,667.7043215,566.4358496,1
29655.48,68.7700589,29147.93315,26918.22985,1
1155,71.95179707,1354.524018,322.662947,1
19797.79679,35.6490323,22970.77109,18600.8291,0
19416.17723,46.53505304,20272.11869,18477.6225,0
3557.039915,43.7682283,3964.6827,3341.00314,0
48.27507458,87.0162735,49.43976455,23.21411138,1
8232.777341,56.29440368,9000.365828,7439.960375,1
10.8687,45.13510666,11.56389969,10.08892531,0
233.54,54.71999981,239.48493,219.48207,1
9546.719778,68.44914197,9633.078201,7204.770512,1
5161.725,69.93605422,5771.610923,3687.069577,1
0.31299,49.62053522,0.388053574,0.261405426,0
9461.333799,50.31382646,10190.88343,8898.826564,1
0.219853612,47.22700118,0.303026173,0.176258846,0
11502.58124,64.7223299,11645.0476,10238.63084,1
10283.07579,45.64800346,12935.31405,10136.24648,0
61462.22237,73.93804852,65241.39889,40389.43889,1
7729.03327,64.43960035,8004.282557,5784.086761,0
11.00801,48.62215921,11.42968088,10.15894512,1
13.5,61.23033052,13.59274482,13.21114118,1
11229.375,57.47386308,11590.39355,6599.541447,1
121.3934027,49.66916453,133.7366177,113.0518705,0
359.2688244,61.03988759,372.2124241,299.3281629,1
0.00380257,87.20234306,0.003885086,0.002882919,1
1141.921919,56.23163337,1182.556776,921.8116111,0
1135.115,55.3980981,1174.061123,923.6936767,0
240.3232037,54.84467616,245.4072712,229.8968455,1
9359.5825,56.04462402,10059.57365,8254.165104,0
11303.73056,55.19541666,12339.60098,8745.263699,0
373.64,28.28822835,507.018198,357.250802,0
225.11,37.92500381,244.6495543,223.5144457,1
6265.6225,37.65776208,6574.179647,6154.592853,0
434.4398773,54.56089275,471.0092062,411.996058,0
41294.72351,53.21149459,44252.849,36548.96902,0
3561.350498,43.96669003,4031.318508,3323.262718,0
5.137276807,58.94721656,5.185655567,4.922232436,1
5829.097828,42.54321672,7833.913171,5230.107549,0
7033.25961,33.59678542,9441.540222,6601.19431,1
405,89.32674846,372.4279526,220.6800474,1
649.99,66.33115623,658.5117704,605.8904796,0
6942.623175,75.80531197,6912.556877,4496.931882,0
0.06111,45.47418919,0.063167067,0.060410933,0
38462.6724,39.89052189,45495.65177,33581.90262,1
5.591,77.75838105,5.485052881,4.927071119,1
4061.17,78.6428621,3986.342861,2173.396389,1
3622.757429,55.96529451,3701.826237,3307.46216,1
496.39,17.84788826,626.6049686,520.9510314,0
3806.316925,13.49876613,7356.187881,3752.251764,0
0.85,51.42988815,1.196776318,0.674593682,0
8190.1825,38.27374533,12126.89141,7233.83984,1
59839.575,59.22385364,62117.80349,52621.83626,0
596.9457566,44.97535569,630.941318,587.48517,0
38269.77107,34.82982564,63454.80291,30348.50721,0
24769.01757,63.87326975,25140.48234,20167.35869,1
0.87023,52.93414682,1.170335178,0.729907822,1
319.9613565,47.08248663,389.1082344,292.3660143,0
38386.55,38.7045982,46255.12664,36854.82236,0
0.298916302,64.3014531,0.321758543,0.221606034,0
11665.60927,55.14695098,12188.73048,11276.69506,0
457,78.55988749,445.6649719,299.9030281,1
14571.74608,49.51323848,19768.1688,12783.57911,1
64.4888,89.14383728,60.5325724,29.7814906,1
4207.787485,55.82735693,4484.987239,3333.430299,1
5512.78,16.97584227,6833.683047,5643.535203,0
3892.951647,31.94716956,5668.007327,3129.814066,1
873.324806,53.27427946,1185.404224,689.3276245,0
11.77809,43.11579293,12.97568607,11.76783793,0
6577.185,50.44618359,6711.525787,6230.604463,0
11813.32372,56.39861348,12884.25428,10204.17842,1
46329.3875,49.77474611,57969.54172,40478.87903,0
99.03835126,34.58751809,136.7646252,91.36072438,0
489.68,41.07063703,530.6572264,464.3467736,1
2706.760009,68.18575295,2828.087687,1836.896006,0
9204.127641,58.07607673,9851.594102,7655.47468,1
139.1296475,55.15925977,166.50067,67.87791431,0
14.9,48.71011857,19.3059855,12.5594915,1
13.85024,46.18683129,15.97443551,12.66934549,1
23341.6,50.26517236,24649.22063,22482.75837,0
14023.615,47.58433321,20635.28394,11046.35956,0
6356.3875,42.85522002,7197.801628,5822.839872,0
8.3001,66.37120115,9.458947074,4.505302926,0
45488.79126,70.48841489,47646.11748,32003.14316,0
15606.46683,85.12816178,15166.81315,11181.17406,1
46663.00418,63.23967539,49073.98175,39510.95807,1
8812.2875,38.65580232,10691.55409,8906.380909,1
530.9105979,81.49012726,495.1203071,417.4668916,1
1.05,74.91430217,1.254399426,0.242992574,0
20.65934473,78.3366403,21.93115698,14.49705135,1
0.00484966,95.09097736,0.004865855,0.003335814,1
5.136325419,57.85338677,5.206619743,4.924877989,1
751.2138194,67.86767278,753.2071353,682.8114307,1
7909.927875,31.98044666,10125.38423,7761.007836,1
18872.94987,38.29756674,22030.34377,18177.77007,0
35720.60435,37.85421738,41575.71875,33439.16076,1
44420.56,64.52198703,44758.34673,33110.76027,1
5.538220296,47.06935963,7.171192095,5.006396687,1
7184.219172,45.6895175,7675.115133,6798.495206,1
4.22201,32.08111607,6.648434871,4.074221129,0
0.52513687,76.58182956,0.515311444,0.28758388,1
5805.1025,81.35803065,5604.250379,3488.022121,1
637.2837593,66.62527677,643.7234316,593.1401147,0
0.0619,49.26711863,0.063501681,0.060362319,1
43011.9325,39.01891998,52380.3197,42807.09255,0
612.1477809,56.29734243,617.1350271,596.3389193,1
1247.33607,65.09585982,1259.620063,1115.656746,1
8981.33079,57.50243333,9892.944537,6531.012093,0
0.88502,50.20315187,1.033544971,0.806432029,0
61250.08263,62.39899146,66977.88716,49270.17207,1
9297.388318,69.67431438,9294.633954,7813.027558,1
9175.905309,47.1329551,9391.294219,9025.085694,1
4306.564642,56.82014855,4557.942683,3315.072011,0
26.92886764,83.60944448,28.91054574,17.64238453,1
10713.0325,51.91544171,11789.47767,9409.762582,0
430.1282054,39.33100687,520.4552684,411.8791015,0
107.96,64.63969882,104.5857053,86.60739868,1
425.4549598,59.72597982,422.8163438,406.7505206,1
6409.405328,47.96915315,6639.699193,6144.291616,1
29044.22,53.45475849,30911.97837,26903.09863,1
589.7572615,43.7078348,644.3930451,567.7382177,0
6396.4775,41.6745174,8008.633612,5557.462388,0
4.61911,41.06542494,5.472866111,4.403116889,1
1.0499,73.01674464,1.013654041,0.605724959,1
247.9693177,67.90680751,246.164744,215.5742667,0
508.430742,40.0693267,619.2679507,455.1832629,1
225.66,40.36307659,244.687124,219.902876,1
8425.3425,55.37187161,9234.4128,7495.7362,1
7195,36.0913916,8624.486602,6646.643898,0
720.7644253,81.16423894,684.908918,94.29542827,1
830.8380351,43.50922823,1106.547028,741.6056908,1
19950.5478,51.7887934,20360.00571,18448.98362,0
0.00529801,96.70301434,0.005436271,0.003479695,1
16342.135,77.24977066,16723.70064,12275.85761,1
10.58367667,51.02914273,13.6131326,8.56360261,0
13.58755,63.15218618,13.6097648,13.2573652,1
6463.250404,46.33765561,6758.673576,6125.497932,1
43115.92,32.14020784,52210.11876,43092.35724,0
27834.33611,70.30843534,28538.25308,18716.6916,0
11.78889,64.65466447,11.61862966,10.26939834,1
426.59,59.74168889,427.9114322,412.1935678,1
47.1696,76.36712053,52.11416212,25.08911688,1
144,76.33796583,146.4372458,101.6999922,0
612.2365,56.63058216,616.6173139,595.8913361,1
2411.277,45.42648338,2766.986755,2352.10097,0
264.691628,39.90567577,301.5240683,258.9473335,0
256.69,66.8087779,258.8371048,226.1078952,1
0.2499,52.88799404,0.271315372,0.200922916,1
0.88377,54.33941077,0.954370056,0.748091215,1
49288.50131,60.57567533,50846.11059,39294.8191,1
21701.38462,37.08569222,25259.7069,21528.92838,0
390.2058235,56.55659499,418.9594316,296.8468094,1
23280.93567,60.62072992,23276.97935,18377.53882,0
20375.02,22.32167037,35324.55839,21259.41061,0
11.66563103,61.54853446,11.68647352,10.29932396,0
23355.52439,67.58279804,24516.14562,20863.47763,0
8.741,68.25269215,9.473961301,5.576378699,0
37643.4198,28.95139829,65045.24369,34421.54531,1
262.7373632,75.4069044,258.5024276,229.8468476,1
15474.99954,75.78857538,16929.88899,5499.110987,1
10161.31887,46.59751766,10839.07151,9653.473131,0
92.47277674,48.98111484,101.4996408,84.39869601,0
46431.245,75.1468695,42535.15719,27539.85681,1
13.88214,46.99854952,14.78230928,13.13106672,0
211.1714,64.8714039,238.2787403,133.1484087,1
7420.800515,39.67636442,9422.682062,6539.919798,1
424.51,39.01098484,517.0948393,389.6281607,0
1128.725488,88.66709287,1148.767709,147.4472517,1
105.98993,60.45610482,112.0822733,87.48895667,0
121.99994,72.31647536,123.2321376,96.99618537,0
9893.4425,57.99895222,10257.99076,8725.523237,1
1.1123,76.30085743,1.069942041,0.580768959,1
0.003,30.05803624,0.005917614,0.00314362,0
10.895,47.83784449,12.75534251,7.352476486,0
6135.035,67.77756591,6376.321549,4970.329951,1
12569.815,63.78620137,13002.23882,9617.459677,1
2.21059,86.10384217,2.093735326,0.414943674,1
4160.66,74.77507823,4322.67079,2177.06446,0
15.397,48.56276507,27.61114064,10.64619136,0
11390.4325,59.13405082,12612.56563,9547.52562,0
52289.62,46.17818717,62348.07938,48700.05087,0
15708.3125,73.59419784,16169.38618,12171.87282,1
30883.46975,37.21833674,35765.83409,30708.82946,0
11464.6575,60.20525935,11634.81465,9005.562848,0
9903.085049,45.47131525,11815.26923,9396.575517,0
230.6829967,97.72721392,200.1680651,23.12414201,1
9747.580111,55.99745355,10168.63678,8706.898997,1
920,52.58137207,1293.042372,711.9105139,1
34666.66,43.79456012,40920.55462,31168.60238,1
521.6152996,55.59909941,520.1438742,387.8226931,1
6150.140445,78.40275873,6070.673924,4875.648589,1
34251.9575,47.82893695,36022.51678,31825.33972,1
94.66,33.07166445,113.1113344,95.73079459,0
422.57,55.57546463,427.5783859,406.9856141,0
311.14,81.69596969,298.8432542,226.6487458,1
30.9012,82.47701083,32.98615159,22.08857641,0
11151.1925,63.1883194,12456.10892,6571.948084,0
0.0044,46.48289451,0.005139093,0.004240907,0
8269.06,39.39393512,9475.092794,7370.218456,0
0.0655,54.02338168,0.072847241,0.056272759,0
0.715691835,37.17801994,0.894331857,0.693407388,1
533.493149,80.27521201,523.5241714,403.7131235,1
642.9130425,69.65326225,647.1366546,593.340315,1
41799.81288,29.07983037,53033.07014,41294.1577,1
270.52,66.86862546,274.4411287,233.2478713,1
6214.195,41.21383288,6854.615973,5894.041027,0
12.02806816,48.76766097,12.99600586,11.62303955,0
124.6856745,57.81461173,129.0533288,119.0219813,1
61455.05363,55.63285105,64970.68886,58675.11079,1
497.4,26.24547667,631.4126955,500.2793045,0
439.0114925,28.23875426,686.9182551,420.8777814,0
589.7246464,49.41351265,693.8002497,555.5382386,1
76.00003,32.77255282,121.7843054,65.30681659,0
98.50001,54.87502626,107.7564321,67.25394892,1
7418.625,40.03294672,9436.042176,6522.856324,1
421.9435281,36.94979082,593.2396728,363.0906016,1
368.98,40.13847086,414.0583155,354.3596845,0
443.73,51.60575543,470.3051269,419.0128731,0
4111.3,67.72325192,4660.162918,2300.375807,0
23504.18942,53.12267943,25541.4644,21093.16783,0
0.00420345,90.82999601,0.004298404,0.003050873,1
0.74108,35.9258838,0.984031061,0.768156939,0
71.69042421,78.90497859,72.81137364,31.40612876,1
9889.88,78.05601834,10000.39348,5613.249771,1
29787.13,43.6248109,31657.10146,27976.68954,0
11135.39073,81.17824818,11158.81449,8243.857019,1
226.1167002,36.49379221,290.3059222,205.2109381,1
345.08,39.93472158,409.5972646,330.5937354,1
613.0645,58.09594287,616.0081652,596.0026598,1
37372.9889,44.91547625,40125.45297,33223.54794,1
229.8112185,48.19761455,241.3805387,219.0541351,1
229.55,48.16645599,241.5839245,218.5480755,0
20086.89,58.84178374,19919.20681,18782.07619,1
3964.946116,52.49621424,4091.324833,3012.368174,1
10147.4975,44.54819225,12293.00008,9487.440416,0
10.2261162,47.69544892,13.30125645,8.251178671,1
491.78,50.11839355,546.4485755,384.3984644,1
5687.0025,76.76733556,5765.033729,3503.982521,0
10159.12,47.17366163,10875.7339,9457.4281,1
6.590064633,67.28262139,7.038504211,5.447256693,0
16630.59316,44.2139389,17667.94693,16194.93465,1
9968.3925,77.91974663,10534.90705,5686.624198,1
7451.212787,73.16766151,7746.558176,5117.643995,1
634.01,49.43278169,701.6713058,509.4377052,1
6191.677223,35.78893448,6800.512661,6249.987913,1
7798.544466,50.34964645,9101.056138,7206.491936,1
18719.7725,83.98687512,19013.65023,13166.20877,1
662.5500859,52.57250833,780.6048071,584.9575219,0
6503.625,45.58703431,7504.85693,5965.65482,1
669.61,53.90050157,703.1768137,509.4781673,0
15.71579112,88.5507084,15.3971711,12.59675875,1
489.2503,49.64651332,543.6245076,382.8445223,0
7991.525,86.02353031,7724.575446,4152.104054,1
23820.8,59.38104179,24371.41002,21554.34198,1
22803.17276,85.82372018,23441.92097,14625.18928,1
7189.4625,37.99999289,7733.231604,6957.215396,0
225.23,42.38891161,240.0482588,215.9767412,0
10156.9375,46.36494247,10841.37325,9655.474501,0
6406.752937,50.26147449,6500.204803,6269.908557,0
47663.46911,37.22788126,59238.35239,43845.66483,0
34289.215,54.46200007,35228.11958,30220.65417,1
0.439,66.26245819,0.482046131,0.285939302,0
237.0444024,49.34014502,255.0874002,215.3066359,0
4.91,49.54145642,5.22286807,4.43978293,1
657,69.33589164,713.1470492,512.3529508,1
1210.28,62.26129258,1261.44659,916.1371349,1
356.77,45.8410706,426.2218945,302.5001055,0
1248.14975,65.97393477,1258.351158,1116.419517,1
99.63050438,62.31931332,100.4179694,92.3219809,1
537.445,22.16724804,713.9272484,587.9990766,0
30283.19,38.26419524,40971.84722,25313.56178,1
6.5,86.48018342,6.178784389,4.775699611,1
12.03,48.87724959,12.96534849,11.66037251,0
47438.89,71.77610148,49345.88081,26262.01169,0
4959.313414,15.45878022,10696.38746,6548.287323,0
623.02,65.92573762,627.4206929,551.4628821,0
38809.19,46.16893115,44140.10582,35230.36418,1
656.1964534,48.85623786,679.6265332,643.3783509,0
0.00391053,87.76354167,0.004014104,0.00300003,1
108.77592,40.24352526,142.2513318,100.2969512,0
12.565,68.68055979,13.0144322,10.6791998,1
9316.36,61.53525035,10164.93084,7265.864413,1
489.5170235,29.96123925,689.7054176,488.8528552,0
354.6538051,40.6880679,407.2152138,338.5805123,1
10836.8675,37.67898655,17534.77534,9447.584406,1
3.017757687,42.43027204,3.657259638,2.296675318,1
2374.886266,43.6935606,2700.068537,2312.084099,1
34166.14943,53.4954354,39524.4647,29708.4672,1
0.78199,42.42760861,0.90643528,0.72759472,1
48356.735,52.72175884,57021.73456,43046.91144,0
0.693898368,80.49236129,0.695458911,0.216481781,0
962.9580546,39.13706921,1325.579581,889.046875,0
23707.63304,70.70248108,25321.92655,16269.81335,1
461.1082466,45.91158376,538.6112775,375.1181448,1
10234.5225,39.74099461,11137.89858,9926.453418,0
23789.6,60.61579755,24578.68443,19107.35957,0
20043.99095,31.72139218,25618.53884,19605.50624,0
238.9632817,53.0225786,245.2462108,229.9078092,0
11.04327003,55.01307729,11.40310099,9.636706159,0
4.166,71.13081899,4.49019421,2.75287279,0
1173.69138,54.53955839,1271.150204,1024.864085,0
376.02,51.37116024,390.7031235,354.0408765,0
8146.756125,55.06305513,8994.951597,7420.806909,1
4.742846655,23.03796032,11.63200009,4.918268659,0
711.2375,61.08350421,750.8677306,622.4639194,1
10306.16967,49.73170143,10901.62644,9466.976242,0
376.9942238,52.9834625,419.105624,323.6453367,1
220.87,43.19282937,265.7559648,201.9270352,1
38349.0475,48.19583348,40781.12214,32923.10236,0
6461.937159,49.80151629,6808.272977,6154.81173,1
6279.1225,30.94897497,8724.997504,6414.833496,0
62937.0925,59.90814724,65027.07043,58641.68507,0
28991.23,25.35513414,43763.3254,30130.5566,0
16528.89,42.27294147,17638.08783,16127.52617,0
8835.137253,48.02353062,10159.38035,8445.129242,0
360.53,57.7489039,379.7123116,304.0386884,1
20628.62,60.36017788,20909.70116,18354.35484,0
5.59962195,49.4369321,7.967438086,4.098799764,0
352.29,41.85333322,393.372723,346.556277,1
276.8116286,53.91119924,302.1393521,256.5130562,0
22706.08356,56.18983871,23706.14936,18676.84861,0
8698.004815,62.30963416,9056.489376,7447.478133,1
35409.56724,36.98167978,42669.27986,33122.77877,0
620.01,49.72160507,648.08865,609.10835,0
6985.263844,67.80946217,7516.738884,5019.740097,0
45098.59164,43.51124714,52354.48118,44294.03798,1
338.62,42.06006193,399.386145,308.315855,1
33538.6675,51.53846916,38883.00392,29651.98258,1
48204.01365,53.73510434,52014.54268,43535.815,1
9513.5354,44.86536361,11920.72527,8695.354269,1
24163.73898,59.68209231,25459.68881,21022.74715,0
418.47,50.38965534,426.5711307,411.1388693,0
982.7519395,53.86592729,1074.855831,853.6221635,0
23505.60484,69.71670894,24482.14371,20406.03891,0
446.58,34.04514982,631.3040637,388.8951963,0
10002.4525,80.92340673,9948.228355,6277.297645,1
432.3106452,48.69259674,460.9430921,412.6260097,0
9477.8625,41.56045414,12592.82771,8750.655287,0
0.32659,72.4424714,0.342058851,0.237135544,1
132.4156587,62.61339894,135.3696502,112.8890215,1
3392.562419,70.26603933,3303.441167,2283.695041,1
16255.15,34.1645296,22129.86472,14194.98628,0
4.1,30.57234432,5.855919424,3.943171576,0
13.39786,58.14643113,13.59122882,13.21166818,1
5.27943,57.37896734,5.445316109,4.548762891,1
6.71195604,61.83955087,8.913689933,2.243319312,1
11073.77955,54.61911409,11741.46498,9628.537333,1
112.1181148,71.50036042,114.8810416,87.94613442,0
0.00100038,30.7838439,0.001427352,0.000992527,0
59905.93637,60.28912435,61968.18648,52800.67675,0
38072.80087,36.15559132,43288.25631,38077.56654,0
584.3339,41.85162545,720.5676214,521.1987036,0
6405.7775,43.85798821,7369.801844,5857.038406,1
9143.8875,42.45463299,11803.20426,8439.321243,1
0.1024,77.26175963,0.120158068,0.044173688,1
1033.785973,69.92952595,1028.579369,828.7919925,1
54966.9725,67.65386974,56610.44518,36626.87432,1
245.5307753,53.50597669,252.6705636,210.2228933,1
0.78199,42.30794817,0.905779691,0.72622803,1
6.763163362,66.38275283,8.648979124,1.242013729,0
0.4,82.46441669,0.364263555,0.251118445,1
3253.94,67.42667893,3165.17667,2222.308705,1
46471.03,37.82042328,51841.36813,45192.66387,0
243.8606362,40.93068325,267.4086024,237.4082613,0
2753.243865,58.51222292,2942.737737,1926.109121,0
16901.81694,47.69545996,17722.11859,16390.95174,1
3359.655,37.20739132,3655.850732,3310.109518,0
10580.8225,54.16228781,11010.66739,9391.760358,0
4074.330461,64.47608471,4727.765098,2759.723529,1
4818.3625,68.02009045,4946.940903,3563.944097,1
0.06188187,47.39007195,0.06332236,0.059934528,0
33103.185,44.16108748,35985.76186,31919.30489,0
10458.86509,52.14261975,11735.9045,6610.532832,0
8.64,39.62754544,12.53989572,7.46926128,1
240,51.40098755,250.6035236,208.9664764,1
450.7,52.23180316,467.91702,439.92598,0
675.1098693,75.59952593,667.547798,608.2981262,1
9.772554579,45.85906229,13.62046107,8.693706176,0
15389.00057,53.28436492,19717.67514,13082.80387,0
3589.835,52.99832481,3677.142223,3304.620277,0
99.04568323,36.71800854,117.1339441,91.95309984,0
1134.496445,90.0897308,1107.130707,716.5091293,1
2862.611291,59.66720649,3100.172161,1929.5324,1
8903.3125,45.85529494,11960.21376,7063.888238,1
619.8232645,49.73522895,642.0622904,611.7116337,0
236.5,49.40740557,253.4472841,210.6057159,0
416.7063033,92.78779862,417.2750753,114.8277039,1
12.84,71.29855696,12.85005599,11.52525801,1
8519.9425,41.56945641,12072.83301,6404.695488,0
0.243,57.8825642,0.344604303,0.035676697,0
818.9999,51.19965491,930.6864828,677.0445072,1
3.84214,30.3855606,5.452098548,3.604428452,0
47925.86221,62.02261868,50784.28244,41559.01277,0
283.75,69.13462641,276.2396384,215.7833616,1
4.961600338,54.10599589,5.028563901,4.723322345,1
377.613398,52.06438555,424.5718955,301.8459911,1
5576.305,70.89615867,6089.2914,3643.9561,0
6564.56826,49.96489281,6770.374014,6339.564612,1
372.525699,31.7428747,488.2509467,346.8315222,0
4.03698109,32.34337956,5.62994256,3.726140891,0
6243.535441,35.9324755,7750.239726,5692.9681,1
0.0006334,22.09664101,0.000719411,0.000573746,0
0.281,60.98983108,0.282658105,0.202896895,1
376.7,28.84316934,508.7699554,365.4410446,0
926.2425,55.64611,1064.889385,739.7699398,1
33157.83257,50.37311471,38912.86766,29710.95383,0
7.00177,68.36537415,8.057706591,3.586909409,1
292.62,68.1474278,300.1969308,221.3490692,1
1016.50675,38.84949557,1373.849918,1010.163207,1
29673.24,43.67633471,31697.33061,28019.63539,0
121.20001,73.75970583,118.5691269,97.97930213,1
655.98,48.94007977,678.0321937,643.4546063,0
1968.5575,29.76701961,2761.176824,2129.268251,0
240.464249,55.04476574,240.7196586,216.5457111,1
138.03002,75.84385494,136.249059,100.928525,1
6548,49.9072405,6713.017989,6326.975261,0
11.71012,43.57970868,12.79957605,11.24192095,1
20570.4,54.56101889,21625.28717,18766.91983,0
42242.26,53.94371223,45689.48261,34214.58539,0
29061.48,41.60938434,31799.895,28162.992,0
664.1269857,54.92899134,799.7517012,516.3304843,1
6413.803641,48.15388737,6695.824534,6136.602018,1
21071.83342,79.77703196,22242.71641,14591.10186,1
13042.115,78.34924915,13342.56528,10121.22372,0
4.2728,30.90973554,5.936623561,4.318618439,0
295.23,64.55738169,304.8461587,265.7698413,1
10.63073898,34.39220008,12.7238287,10.30211753,0
457.0099652,61.82478256,472.1625581,411.0259372,1
243.6416689,81.76277732,239.9513865,145.1028845,1
6.523380719,87.73128127,6.186410709,4.766323515,1
600.6383054,52.99052542,653.7115452,550.588026,1
11130.46495,39.97870218,16771.01961,9150.120949,0
116.113801,48.28260313,165.4625604,72.23724557,0
6943.380656,22.29562125,9799.729353,7044.217252,0
6325.1225,39.49992905,7501.904964,6053.258786,0
444.8482057,45.96043643,464.9997757,425.9341685,1
11.31125,50.57860594,12.93541249,7.287906515,0
2.8798,53.70375121,3.171091471,1.933570529,1
118.1698767,51.42100922,135.9965806,95.02763346,1
50535.42522,35.31390881,62540.07915,49568.03287,1
12.49766165,67.91065617,12.91593128,10.56971514,1
57920.71073,47.20444881,66901.99182,52581.08102,1
6305.1325,41.70201328,6537.01701,6181.48824,1
60693.4425,60.95641751,67242.82126,47687.29574,0
5.340820899,60.47822322,5.329587387,4.557803099,0
42431.23197,37.48070946,48022.29121,39767.53399,1
22937.57995,59.25551797,23757.82452,22398.40133,0
573.8025,42.15321531,587.8179603,566.1801397,0
8231.22,29.6164347,11154.78933,7260.190175,0
4.38669,35.67407841,6.662711647,3.949565353,1
39215.65115,87.69066048,37926.59988,18789.99228,1
3917.763402,52.23635737,4046.828618,3805.109199,1
24083.95397,58.10277025,24653.33159,22440.1985,0
3.15,57.73085178,3.407842611,2.413091389,0
5.1397,58.02889593,5.191809257,4.899086743,1
6.68008,77.34631471,6.858623622,4.866659378,1
0.41991,68.85541214,0.413279004,0.257169589,1
5.26599,62.9022773,5.263804758,5.029868242,1
0.0938,90.6611107,0.081918728,0.047892994,1
822.8770122,52.60404052,930.5209906,661.050198,0
9.91502,46.62788908,13.53387541,8.879344588,0
9293.042274,55.04370216,9897.055993,8614.51303,1
0.00071822,15.40353686,0.001150028,0.000628709,0
37444.78251,64.83317735,36299.19528,29578.61291,1
634.168901,49.33086901,704.9312817,535.6326316,0
380.96,41.25845411,478.1228195,360.0941805,0
22.78736505,85.06308566,23.0765307,15.27279548,1
9066.690697,43.56742226,9660.999125,8929.789006,0
47047.96333,33.93617187,61510.12129,48350.47679,0
9431.4625,62.20499253,9555.00151,7191.42499,1
350.0157119,38.224265,407.2306415,338.5404375,0
27604.68557,44.47122173,31238.2824,26717.02823,0
4.944795054,44.73492419,5.169497128,4.881472799,0
4911.269702,84.91506509,4827.859691,3464.046259,0
9439.2625,54.45549881,9606.930995,8896.673505,1
449.03,48.08916617,459.9973334,428.1257066,1
8072.489382,37.3300834,8584.738803,7887.565825,1
51650.06995,74.6168829,55715.71263,30094.51336,0
826.7469274,42.58026975,1099.974352,773.1508746,1
29.02992133,89.5236065,24.2942767,-0.981158788,1
7165.43773,28.80158462,9623.450473,6782.372313,1
435.7984428,90.21240798,457.5749898,121.5120783,1
4.946532235,44.85030027,5.177365125,4.890214116,0
677.6823009,32.04894665,866.4304346,711.9299792,0
9.35,71.4469436,9.619602815,7.514307185,1
381.0464594,40.37541311,478.7780475,361.6227157,0
56389.55798,43.95842689,63498.37699,55222.82014,0
9278.139184,41.26263989,11892.5877,9052.627022,0
261.1121362,52.34287638,276.3445319,235.1432182,1
0.295,62.69421326,0.314690319,0.217152681,0
114.8856756,49.15359006,154.1040535,92.39013572,0
10307.02497,51.35331966,11726.70692,8019.778859,0
7887.13,32.1159153,10128.76404,7739.362714,0
20349.81417,28.54736379,25401.90764,20960.9755,0
6.672262504,77.16439639,6.878974516,4.85469465,0
387.1,39.4775587,478.0676888,373.0293112,1
7822.1575,66.28902071,7939.617296,5651.852454,1
6267.388674,31.08128272,8726.409512,6409.884165,0
323.82,33.68641415,411.0240996,314.8299004,0
2.777505239,36.41205981,4.808879484,1.855318725,0
4.934979495,49.68450351,5.281474637,4.234464268,0
11414.52093,48.47953387,12193.31179,11209.07091,0
20827.88861,46.59579699,21993.7805,18732.66115,0
29350.81189,56.58028853,31309.95788,26922.28187,0
0.80901,45.32702211,0.976901256,0.746072744,1
8164.3025,70.84122825,8307.05675,5668.81425,0
6.41,63.44207478,7.876251495,3.217486505,0
5602.1625,18.38179069,6687.765028,5961.943222,0
6404.12,51.3052922,6478.932689,6277.716561,0
7777.491519,63.4074525,7800.566723,6521.629253,1
418,37.69083791,562.4931378,362.5182422,0
12985.925,81.12564973,12681.18536,10073.94714,1
41.0201,92.55832127,39.86009849,23.47583851,1
1782.499,86.70060531,1771.468552,1106.955557,1
5888.250017,71.3929198,6557.416231,3973.907216,0
58022.615,55.74683444,61333.21786,52203.50739,0
631.7702952,48.69118197,696.5513075,514.8326211,0
179.808218,65.93975376,207.9756721,98.78094817,0
9467.301033,48.13353781,11801.22511,6492.877461,1
10920.11284,51.64632938,11854.95852,9577.563415,0
3711.234351,41.18483435,5139.020017,3499.17328,1
516.1593688,40.27149389,629.144898,462.1868727,0
7556.193721,41.20075395,9159.482989,6687.477249,0
309.659,84.75334561,277.4175633,157.3915277,1
6.501491988,58.11759876,7.639010509,4.979140938,1
5.6114,40.13462301,8.698613054,3.648094946,0
237.1306873,51.9534688,242.9213911,219.0701716,1
668.8726841,55.54039907,798.9892318,526.4664583,1
449.4411515,30.98493797,680.9290611,408.9802316,1
420.0325926,56.93256029,447.3598047,352.8425713,0
389.3629588,66.6579093,389.2280439,303.6934096,1
11546.3875,37.96257262,17525.68472,10586.08628,1
705.4965,60.69162214,742.4094464,601.7646036,1
1007.704366,66.85544764,1003.956677,812.9651049,1
31455.71758,38.84790785,36024.2509,31518.14596,0
8578.090379,44.62023136,9777.772472,7249.950484,0
94.41986,51.69170157,110.3335961,66.13436689,0
5.087867262,53.90679282,5.328425601,4.665520079,0
4.952,52.67814556,5.354198985,4.413520015,0
40675.73,31.74698502,47294.35627,39344.64473,0
634.6726745,58.40656154,659.7215157,558.2948749,1
41512.78458,27.60869609,52722.12909,42112.76016,0
369.99,50.2649626,420.514075,328.317925,0
11428.785,63.05242234,11476.89763,10262.17912,0
13.38408115,53.94197695,13.58767966,13.2324345,1
15.43636891,49.8173327,29.48563851,4.923242439,0
113.0825634,74.1734792,113.2610588,88.12142645,1
428.89,51.45305896,463.6067813,409.2032187,0
3898.95562,58.10038106,4029.300954,3674.781358,0
2412.4375,45.79486333,2947.813154,2334.442671,0
0.29892,63.89889316,0.321512932,0.221121068,0
20310.17698,22.09177673,35392.74564,21209.94008,0
3980.5025,52.87791114,4093.397291,3001.357959,1
96.8039496,34.81491395,108.5388686,94.86485612,0
8671.9725,46.69025865,9966.84095,8359.15055,0
17772.5,58.82119705,17667.22799,16164.75901,1
11320.96,48.09576649,12189.70147,11239.03103,0
651.9619568,67.51463275,657.1982747,603.9463479,0
8271.621963,61.48433651,9015.733376,6954.032654,0
6691.9525,46.79901799,9197.46733,3902.37067,0
236.9568819,49.98802035,243.7609502,231.6607315,0
3230.116709,67.08612705,3210.788562,2267.46752,0
7702.157933,44.61485376,8678.833372,6892.224454,1
63024.74723,60.97114542,65214.34015,57872.82353,1
10667.11,77.66179176,10343.45167,6852.384835,1
0.86,47.87237577,0.978529259,0.824991927,0
14.79728916,46.10530477,19.00050553,13.51511003,1
12997.49934,81.62205066,12696.7093,10056.39153,1
20155.52784,41.62517531,22147.15362,18696.89537,1
39156.295,60.26638202,43589.85799,27146.04976,0
8218.580852,36.9076967,13203.46648,6685.38504,1
9702.45279,64.16983691,9646.708695,8992.583095,1
4.77,29.5451542,9.823165347,3.702195653,0
10261.49441,34.08130802,12433.83015,10817.26116,0
261.34,35.33373154,299.0686042,267.5913958,0
64290.89776,77.69210654,66145.49311,43844.36687,1
13809.855,77.26147585,14315.10009,10641.49591,1
126.5130684,54.90039814,133.8913397,106.5260165,0
4108.507162,68.1179166,4662.783245,2296.348514,0
0.3,65.29164472,0.301746956,0.210258044,0
34.5,88.4142149,34.44636965,22.78535835,1
0.386,75.86241663,0.376632484,0.251176647,0
6406.633253,47.74240004,6608.953576,6155.232031,0
5431.94792,69.29473586,5506.151457,4937.50286,0
0.822,46.47269047,0.951389127,0.745789873,0
7709.2075,44.87963196,8678.299914,6898.467836,1
6332.705,44.59143487,6489.885686,6273.905064,0
6187.790502,36.25451649,7500.148812,6068.738443,0
11094.02068,66.56405486,11883.4246,8165.937777,0
197.90999,65.40803688,222.1412001,108.5338129,0
804.00001,49.09273781,1335.268498,546.6354288,1
8.782155434,71.49394756,9.457429237,3.524709149,1
344.62,35.18605678,411.0277149,329.7782851,0
45238.64,47.45321983,57091.30604,41967.76096,0
233.9573735,43.92359308,289.3566656,178.6174276,0
9.095192686,89.55337122,8.782214006,5.690232926,1
14080.94226,47.54155414,19859.69259,12931.61438,1
9344.28714,45.42411465,10469.73882,9334.075169,0
2.98,55.88214816,3.28314201,2.03548699,0
9641.891623,54.63040264,10167.45412,8707.394845,0
378.93,37.49657407,479.8329901,366.8020099,0
912.4849971,50.19986904,1093.763291,785.4920667,1
6625.475775,45.28768683,7514.020698,6043.891331,0
29175.27,38.12863965,33643.97006,26805.15994,0
4261.843521,49.95248512,4864.2971,4040.412652,0
10106.73308,52.10029093,11645.92345,6555.296966,1
2860.272843,58.45217998,3135.772279,2108.379378,1
5.035,51.71951643,5.165537671,4.866736329,1
0.139118553,83.4937457,0.130268344,0.067442132,1
6197.1475,34.80014077,6766.3856,6205.2179,1
0.3229,70.85324147,0.333443751,0.231170249,1
365.52,38.27335742,435.7665645,350.5614355,0
123.9068726,52.45366552,133.1813116,112.9351984,1
3903.911951,58.81148269,4026.379646,3678.10494,0
48078.13155,58.06529584,49865.91455,39566.13403,1
11.65,42.015626,12.63716693,11.28033007,0
42735.26582,42.28014438,51086.83916,40528.22107,0
46446.75,40.29471436,51586.82671,44751.68329,0
64962.93129,59.75827469,66888.91852,57951.43859,1
73.6,80.27524625,75.97809039,31.37927461,1
0.1938,78.34658222,0.220979945,0.054241055,0
12.25,67.96760542,12.35054113,9.844823867,1
18390.1275,78.10163974,19327.59901,13774.78699,0
3983.887646,60.13927604,4061.682658,3729.677653,1
9154.5775,46.3134184,9398.08285,9014.8254,1
282.1850523,51.68276822,296.7811309,271.0620151,0
15.615,83.42864958,15.61913963,12.55249037,0
4.55001,38.47733986,5.470161737,4.442920263,0
10.05125313,42.39543474,16.52078811,6.998501466,1
405.2982519,34.81707773,510.3922583,380.2888524,0
2048.117678,79.84630038,2044.188796,1366.147818,1
2823.897926,62.77801807,2833.289331,1958.960346,1
6399.674046,31.69611751,8178.932505,6287.632473,0
19532.76,47.67008832,20280.47923,18465.82577,0
1194.596459,61.10493046,1194.958882,917.439986,1
651.2983477,64.94284581,644.0582335,555.0288252,1
0.84971,50.13799119,0.966552107,0.747483893,1
4.86,49.52623608,5.465993896,4.380557104,1
3538.313723,42.52742408,4084.102159,3402.786819,0
254.7471134,60.09914479,262.8429881,230.7836275,0
0.008,71.57038781,0.007248963,0.003371037,1
17195.525,50.95891306,17496.07326,16215.59197,1
607.629796,53.96676818,687.712065,570.0074615,0
2709.5225,60.17625139,3072.87343,1990.129695,1
7887.1375,53.17845951,8364.272155,6125.815845,0
1037.30257,42.65507149,1370.514487,966.3214147,0
41064.42965,52.35855839,43637.42771,36837.38751,0
346.56,39.32874235,394.5255458,343.2344542,0
13.7191,44.56623871,17.10975444,12.53948656,0
8170.925,37.26716623,9645.966302,8204.684198,0
24705.6075,72.5408669,25844.25352,16286.86848,1
7791.6175,36.27062347,9626.363696,7656.046554,0
8.8,68.92355381,9.422110947,5.304129053,1
3935.5125,18.3975712,7338.548788,3525.798462,1
27492.9,62.84813011,30722.64363,19016.64237,0
584.98,45.10130802,597.8000592,564.9870158,1
5638.67,79.77537665,5388.005384,3490.604866,1
21620.56678,45.7413233,24048.15633,21905.55713,0
11857.525,62.54690115,12280.87826,8742.93299,0
576.635,36.24678831,719.5082725,556.3058775,0
33654.6525,52.06763717,35445.15309,30104.03066,1
3.068975267,58.6861481,3.314737849,2.164351679,1
56121.12192,58.61466328,61495.07334,42101.17962,0
16.9498,52.24094322,28.17125608,9.620777924,1
449.9004845,56.18084369,472.3091445,413.6739504,0
9338.942591,52.05246555,9615.499303,8899.323365,1
440.4027627,43.12325862,514.1040107,408.2031666,0
579.98,34.01708813,834.0968916,527.2086324,1
19228.5225,64.37110968,20079.56021,15773.37579,1
34321.5575,53.96897889,39007.14525,29809.40275,1
29234,26.72128976,43956.57293,27837.50407,1
0.9012,51.84725109,1.092101146,0.795353854,0
11325.495,58.48566602,11684.29309,10263.67591,0
5.24898,63.56542139,5.247159821,5.003498179,0
14770.635,51.68321007,19653.20883,11669.02917,1
29.81806892,88.61459042,31.27417335,18.1146888,0
3839.425,49.55868581,4122.025424,2984.889326,0
375.1379512,51.20580332,391.9048787,353.0949685,0
407.0353095,58.24142526,404.6423266,357.6632659,1
16683.4875,80.0080579,17425.45953,5726.946219,1
9243.395,58.66149659,9954.463313,7216.768687,0
16.75228581,51.12685898,26.74962058,11.21675387,1
5.103978805,54.55382125,5.190296227,4.923209579,0
238.48,54.05283606,239.9183248,226.8936752,1
9134.015,44.91151898,9684.411229,8986.023271,0
14.03342538,46.72208642,14.81686952,13.18769769,1
357.488434,39.07122754,415.2857496,323.9144368,1
23331.4427,56.5884528,24768.10064,19952.8242,0
244.25,59.88661096,253.6317165,214.4342835,0
3861.24,55.00086838,4017.601256,3674.742556,1
63617.4125,54.02048294,67566.26901,58536.37524,0
6780.543601,34.11863433,9436.747125,6377.050183,0
538.8,81.81224765,554.5087062,394.2562938,1
12.197,61.62097215,12.78034898,10.70803602,1
0.07,48.97173462,0.073071897,0.056094049,1
380.4956444,68.56647239,425.6519462,237.700162,1
7065.535,36.11862116,7707.916955,6990.939295,0
4110.151121,76.50446918,4081.857205,3235.434573,1
8233.086455,41.55227561,10080.30141,7919.20788,1
2608.104891,54.21785504,2739.030274,2384.52655,1
10779.38102,49.27048127,12048.95473,9534.426509,1
264.7538045,52.52143339,304.143787,174.5453354,0
17.88,82.16233085,18.27577418,12.45100482,1
6769.9625,47.54926775,9546.243723,3791.153277,1
10.49713431,50.32020777,13.12956393,8.253874877,1
0.0505,54.84991678,0.09995983,-0.02005483,0
6000.88313,77.08779723,6298.655717,3748.714851,1
599.23,58.27175755,590.5655754,563.6187746,1
35596.14891,57.0784828,38652.05429,29787.50767,1
9143.967585,45.06396905,9678.864634,8991.176388,0
747.95,80.30589802,759.9676147,458.0453853,0
4315.0655,69.32709524,4675.586941,3089.853884,1
32306.96143,46.4723652,35638.61893,30020.02299,1
23.96975,87.27442433,24.15008318,15.69700082,1
595.7514769,50.44658073,688.2203291,566.9897091,0
10580.1847,54.13028451,11001.01037,9389.967914,1
9342.955635,48.27308116,10148.68342,8984.402884,0
223.98,33.09403634,266.4720106,221.4739894,1
44765.27558,42.33922768,52290.89623,44784.09537,0
7603.06,53.16911685,8865.584278,6151.111972,0
6302.7225,39.71164383,7449.373883,5901.744867,0
6485.1175,34.34716631,8190.368367,6198.340633,1
266.3559416,41.69842847,300.7578572,257.3983748,1
232.8006178,33.11361666,301.4893006,223.1465005,0
57322.77,45.7672674,68038.1072,52400.11955,1
0.93909,55.11551668,1.110999032,0.794135968,0
15.71959214,84.60659928,15.89064495,12.53500013,1
383.63,33.48279269,495.6633073,350.1186927,0
12.10918848,50.51893007,12.99706351,11.66715846,1
3827.524594,49.77102359,4173.222503,3386.381158,1
9231.502348,48.75464845,9597.741769,8896.436212,0
807,49.7750316,926.7824,709.04558,0
1053.212,70.0660591,1061.290803,843.4763717,1
0.82542,43.3839463,0.959897012,0.826549364,0
5.457889687,39.41913896,7.362808507,4.120145161,0
48625.01,43.6537135,52376.22438,45062.12962,0
474,27.23504286,683.9562113,520.0771187,0
497.764659,25.98158156,631.8309164,500.39353,0
0.930320058,66.17592087,0.906714396,0.665900757,1
602.4695,50.27865139,625.6184097,593.2029153,1
15778.0174,31.77063176,21879.47398,13953.94017,0
3.55701,27.30556573,5.467312539,3.457946461,0
346.01,40.35818937,393.8109359,338.6080641,0
59.49860111,86.02500312,56.98548245,30.47486364,1
417.6326712,73.520073,422.1709238,299.8643185,1
10529.69445,53.06276623,11072.16736,9106.886972,1
90.16609223,52.7804241,99.82823865,70.24202565,1
442.6657271,60.9191976,486.851984,374.4328485,1
3181.675,27.37669262,4357.987788,2961.109462,0
6870.423699,48.67665199,7419.428152,6559.088809,1
6.680427623,69.28835731,7.010328733,5.707863019,1
34506.4912,45.74998824,41142.99102,30234.86345,1
225.320801,36.62228191,243.9320537,225.7938998,1
0.06,58.2905868,0.101358719,-0.011233719,1
10272.22256,71.77821013,10475.06893,8187.260706,1
26259.1225,75.7119248,27357.53071,16189.36479,0
233.5,49.02656403,247.4948438,209.4431562,0
276.97,62.60590963,288.4539939,218.5480061,1
6175.831022,39.25846403,10262.73826,3823.378028,1
55820.5044,79.28058781,57356.51963,30600.76509,1
9848.24,44.37239317,12638.24487,8904.955632,0
10406.7225,47.34241245,12290.42631,9573.061186,1
5.134616135,57.67923768,5.198085142,4.922126691,1
30495.03,70.73608001,30571.49975,26533.93025,1
12.30889,63.27601641,12.84136043,10.88681357,1
715,43.50807874,1304.237153,643.2157328,0
377.8969319,53.36046559,416.0795063,338.2082245,1
251.5293267,65.00791447,256.2834142,223.7208327,1
15584.7025,55.07914695,20912.59738,10456.46587,0
10577.24108,54.09052725,10975.02945,9395.262555,0
54739.13525,64.34696295,57563.97576,43505.50535,1
0.00110568,39.25434973,0.001373043,0.00114457,0
11161.255,57.1102448,11379.03058,6699.546674,1
11538.1775,52.12895801,12183.24036,11221.77514,1
7862.071602,75.48164589,8336.38978,4130.80832,0
1089.524772,51.24024006,1259.27632,880.3355268,1
0.0622,50.35621452,0.063431921,0.060030079,0
640.9375,70.45390079,645.559874,593.948151,1
582.6277474,43.93714813,597.7603714,567.1858003,0
7523.3275,44.71736864,8041.882041,6864.220209,1
48830.62239,39.52693212,59381.74315,44315.98894,1
13.86,44.52788631,27.07854534,9.731505659,0
11757.885,83.31065343,11552.2441,6648.221146,1
473.9592034,32.66638388,532.1592508,465.1634687,0
23645.08,59.48663044,24789.25398,19176.98602,0
230.6894661,41.02930137,273.4264479,202.3918476,1
0.00071822,59.30186229,0.000769267,0.000614297,0
20163.1,53.89809231,20342.43151,18446.45249,0
130.20002,55.81931403,148.5637887,107.0893113,0
231.35,43.51507478,276.4455105,196.9518705,1
19954.25,36.51684461,24496.07442,18327.24158,0
279.82,56.8524123,304.9264187,240.8315813,1
287.22,77.60928271,292.5157322,232.3242678,1
127.1086277,62.88018121,128.6298854,121.5833125,1
39747.98943,44.65588849,42505.16298,38178.20096,1
1054.2095,70.18411628,1075.184204,844.777171,1
395.3465883,68.22188487,403.1945897,301.8951845,1
40457.49594,43.11874174,46882.24996,37549.85233,0
51591.845,74.01164055,55675.14931,30087.03669,0
902.2675,52.68720731,1090.581041,737.5971587,1
637.38,58.08934771,660.351432,561.120568,1
89.98398597,52.48329439,98.23976229,74.19473252,0
570.2009937,38.84825265,594.6477988,565.6444954,0
11929.45725,70.64551189,12018.16379,10268.01035,1
20599.09,61.25772104,20537.01156,18439.96444,1
442.3967992,43.79032391,467.5286326,440.2066568,1
3683.645,45.28585879,4161.43464,2965.23886,1
47074.37071,68.85060675,48951.88433,36649.37072,0
644.18,51.07503513,705.7099002,521.2000708,1
2102.6455,81.51824347,2117.278156,1417.925894,1
19131.94,43.77443696,20263.58136,18498.76064,0
9236.622501,48.81447929,9412.779435,8992.368993,0
4.7043,42.24286849,5.454171614,4.509577386,0
7379.63,37.30243592,9035.167855,6931.186145,0
9042.890723,52.58947219,10196.11164,7725.452056,1
13290.32885,72.7577261,13860.43413,10392.20567,0
12.31981686,65.11871657,12.82010722,10.77734531,1
0.0646,52.47426647,0.070690825,0.062369175,0
15.38284407,46.05085568,19.66914208,14.83074357,0
3840.128049,55.60424298,4070.121283,3518.275072,1
660.9059602,51.4631271,695.3696775,627.294794,1
44325.51,62.15903895,44600.37211,36693.26389,1
235.77,46.97310827,247.959831,216.165169,0
445,46.48906194,465.0754553,423.9591507,1
224.51,38.28945979,244.9135899,220.7254101,1
14470.21,49.26299959,19641.07424,12729.33226,0
19932.48,86.16835146,18858.27719,15415.16481,1
11570.8525,61.4859896,12558.90728,9796.739965,1
607.0702626,53.63848394,639.7997254,558.4283119,0
2.105066003,33.04667552,3.620218652,2.138399994,0
6754.460336,47.4398714,8781.158989,4094.493378,1
444.2050573,46.05681816,468.228511,437.2337075,1
7285.1625,61.4927397,7816.38532,5570.64393,1
0.8949,50.81848381,0.975523286,0.840520714,1
6741.01,49.87700572,7281.187809,5098.459441,0
7684.068522,61.98522103,7702.056873,6561.149285,1
20751.0517,33.65213132,30298.82285,15570.28368,0
7315.30936,51.07521417,7557.167329,6797.380653,1
4.922072124,48.30571587,5.600765135,3.905578615,1
3640.129131,45.47375793,4090.228903,3446.730405,1
55798.13708,42.53324449,63644.49538,54788.06062,0
13.42174,62.28864469,14.00672933,12.71879867,0
39139.71,69.15771716,43215.1761,23514.0694,1
7316.35,65.7655418,7074.497324,5877.478176,1
0.2231,54.21942669,0.346363606,0.071086145,0
0.88377,53.93082128,0.959432844,0.748518156,1
16824.83897,46.92444548,17706.24689,16310.6983,0
45838.87,38.62520527,51568.0405,44464.8435,0
224.8949036,36.88412758,266.7372045,210.6074875,1
253.7,47.39641192,269.0879196,238.3990804,0
35685.1975,33.05342224,58634.07645,29097.75805,0
29.64501,85.34356476,30.5095837,17.8646243,1
795,75.15710084,905.6503287,112.7227353,0
2.34801,20.11005529,5.797391159,2.126816841,1
6456.585,45.55185644,6685.297006,6201.428244,1
40799.40215,31.54034091,65045.2983,38383.33433,1
597.99,50.88583643,704.0425123,539.7744877,0
742.339,59.45150317,761.38788,700.49242,1
5.5,82.99828077,5.492826156,0.610752844,0
3808.117832,49.25002435,4249.545588,3123.48331,1
6816.718615,37.91959702,8927.158215,5896.564272,1
30358.93472,42.8015001,41359.13487,29220.66202,0
11.65152,60.78184097,11.7204226,10.2727584,0
600.47,40.81251502,641.6562114,603.4797886,0
29825.9222,43.54216509,31650.8894,28046.73086,0
11.7999,63.33648335,11.8475167,10.2369013,1
362.61,53.78597669,379.4479272,314.0520728,1
968.74725,61.99333797,978.2519911,804.2384839,1
9039.865075,31.86519577,13987.13311,8919.804747,0
38630.40912,35.26360381,64511.77412,31198.76146,1
35933.77822,49.70053071,40999.65165,30324.39571,1
4093.4975,65.31310342,4108.990791,3814.523459,1
29221.51451,55.49912768,31324.10328,26994.50719,0
5.0998,55.44875211,5.162405713,4.868009287,1
687.05035,34.70197901,868.7102241,680.2436499,0
10897.8125,82.67408282,11128.40163,6049.377116,1
10584.2825,54.21852206,10983.44161,9396.639894,0
16992.47,35.69602175,22752.68213,16882.74287,0
11022.265,56.2505903,11838.042,8354.367502,1
0.00121911,66.71771255,0.00132252,0.00114522,0
10.70276023,77.26130895,10.29524633,5.311590541,1
226.773448,39.29132602,244.2674265,223.8994104,0
